;;INSTITUTO ÁGUA E SANEAMENTO | IAS;;;;;;;;;;;;;;;;;;;;;;;
;;MUNICÍPIOS E SANEAMENTO: Dados sobre o saneamento no nível municipal;;;;;;;;;;;;;;;;;;;;;;;
;;Dicionário de dados e referências de fonte;;;;;;;;;;;;;;;;;;;;;;;
;;Última atualização: 08/2024;;;;;;;;;;;;;;;;;;;;;;;
;;;;;;;;;;;;;;;;;;;;;;;;;
Pergunta IAS;Blocos;Nome da variável na fonte;Código da variável na fonte;Fonte;Ano Base;Descrição;;;;;;;;;;;;;;;;;;;
Nome do município;Caracterização;Nome do município;-;IBGE;2022;Nome do município;;;;;;;;;;;;;;;;;;;
Código IBGE;Caracterização;Código IBGE;COD. MUNIC;IBGE;2022;Código IBGE do município;;;;;;;;;;;;;;;;;;;
UF;Caracterização;UF;UF;IBGE;2022;Estado / UF onde se encontra o município;;;;;;;;;;;;;;;;;;;
Região;Caracterização;Região;Região;IBGE;2022;Região do país onde se encontra o município;;;;;;;;;;;;;;;;;;;
O município está integrado em alguma rede?;Caracterização;Composição em rede de municípios;-;Com base em IBGE;2021;Indica se o município faz parte de alguma RM, RIDE ou Aglomeração urbana;;;;;;;;;;;;;;;;;;;
Qual o tipo de rede de municípios onde está inserido?;Caracterização;Tipo de composição de rede de municípios;TIPO;IBGE;2021;Sigla indicativa de Região Metropolitana (RM), Aglomeração Urbana (AGLO) ou da Região Integrada de Desenvolvimento (RIDE);;;;;;;;;;;;;;;;;;;
Qual o nome da rede de municípios ao qual faz parte?;Caracterização;Nome da Composição;Nome;IBGE;2021;Nome da Região Metropolitana, Aglomeração Urbana ou da Região Integrada de Desenvolvimento;;;;;;;;;;;;;;;;;;;
Qual a área territorial do município?;Caracterização;Área Territorial;AR_MUN_2018;IBGE;2021;O reprocessamento dos valores das áreas territoriais, de acordo com a estrutura político-administrativa vigente em 30/04/2018, data de referência das Estimativas Populacionais 2018, incorporaram as alterações de limites territoriais municipais ocorridas após o Censo Demográfico 2010 e praticadas nas Estimativas Populacionais Anuais no período de 2011 a 2018, bem como demais ajustes territoriais ocorridos neste período.;;;;;;;;;;;;;;;;;;;
O município está inserido em qual bioma brasileiro?;Caracterização;Bioma;Bioma;IBGE ;2021;Grande conjunto de vida vegetal e animal caracterizado pelo  tipo de vegetação dominante. Os biomas do Brasil são Bioma Amazônia, Bioma Mata Atlântica, Bioma Caatinga, Bioma Cerrado, Bioma Pantanal e Bioma Pampa. ;;;;;;;;;;;;;;;;;;;
Qual a população estimada do município?;Caracterização;População;População total;IBGE;2022;Valor da soma das populações urbana e rural de um município, sedes municipais e localidades, no ano de referência. É usada a estimativa realizada anualmente pelo IBGE.;;;;;;;;;;;;;;;;;;;
;Caracterização;Domicílios;Domicílios;IBGE;2022;Número total de domicílios;;;;;;;;;;;;;;;;;;;
Em qual faixa populacional o município se insere?;Caracterização;Faixa populacional;-;IBGE;2022;Calculada a partir da estimativa populacional do IBGE para o ano especificado. ;;;;;;;;;;;;;;;;;;;
;Caracterização;Percentual População Urbana;Urbana total;IBGE;-;População residente em situação urbana;;;;;;;;;;;;;;;;;;;
;Caracterização;Percentual População Rural;Rural total;IBGE;-;População residente em situação rural;;;;;;;;;;;;;;;;;;;
;Caracterização;População Urbana;-;Calculada;-;Estimativa população residente em área urbana 2019. Utiliza taxa de urbanização de 2010 CENSO com estimativa população 2018 IBGE;;;;;;;;;;;;;;;;;;;
;Caracterização;População Rural;-;Calculada;-;Estimativa população residente em área rural 2019. Utiliza taxa de urbanização de 2010 CENSO com estimativa população 2018 IBGE;;;;;;;;;;;;;;;;;;;
;Caracterização;Densidade populacional;calculada;Calculada;2022;População total dividida pela área do município.;;;;;;;;;;;;;;;;;;;
;Caracterização;Prefeito;NM_CANDIDATO;TSE;2020;Prefeito eleito nas últimas eleições municipais de 2020. Não foram considerados afastamentos e mudanças no quadro político desde a data das eleições.;;;;;;;;;;;;;;;;;;;
;Caracterização;Partido do Prefeito;SG_PARTIDO;TSE;2020;Partido do prefeito eleito nas últimas eleições municipais de 2020.;;;;;;;;;;;;;;;;;;;
Existe forma de cobrança pelos serviços de drenagem?;Drenagem;Existe alguma forma de cobrança pelos serviços de Drenagem e Manejo das Águas Pluviais Urbanas?;CB001;SNIS-AP;2022;Informar se o município cobra ou não pela prestação (em razão do uso efetivo) ou disposição dos serviços de drenagem e manejo das águas pluviais. No caso do município não dispor de sistema de drenagem e manejo das águas pluviais urbanas a resposta deverá ser NÃO.;;;;;;;;;;;;;;;;;;;
Qual a região hidrográfica em que se encontra o município?;Caracterização;Região Hidrográfica em que se encontra o município;GE010;SNIS AP;2022;Região Hidrográfica que compreende a área em que o município está localizado. Segundo a Agência Nacional de Águas, Região Hidrográfica é o espaço territorial brasileiro compreendido por uma bacia, grupo de bacias ou sub-bacias hidrográficas contíguas com características naturais, sociais e econômicas homogêneas ou similares, com vistas a orientar o planejamento e gerenciamento dos recursos hídricos.;;;;;;;;;;;;;;;;;;;
;Abastecimento de água;Principal forma de abastecimento de água;6906;IBGE;2022;Moradores em domicílios particulares permanentes ocupados, por existência de canalização de água e a principal forma de abastecimento de água;;;;;;;;;;;;;;;;;;;
;Esgotamento sanitário;Tipo de esgotamento sanitário;7555;IBGE;2022;Moradores em domicílios particulares permanentes ocupados, por tipo de esgotamento sanitário;;;;;;;;;;;;;;;;;;;
;Resíduos Sólidos;Destino do lixo;9541;IBGE;2022;Moradores em domicílios particulares permanentes ocupados, por destino do lixo;;;;;;;;;;;;;;;;;;;
Quantos são atendidos com água?;Abastecimento de água;População total atendida com abastecimento de água;AG001;SNIS-AE;2022;Valor da população total atendida com abastecimento de água pelo prestador de serviços, no último dia do ano de referência. Corresponde à população urbana que é efetivamente atendida com os serviços acrescida de outras populações atendidas localizadas em áreas não consideradas urbanas. Essas populações podem ser rurais ou mesmo com características urbanas, apesar de estarem localizadas em áreas consideradas rurais pelo IBGE. Caso o prestador de serviços não disponha de procedimentos próprios para definir, de maneira precisa, essa população, o mesmo poderá estimá-la utilizando o produto da quantidade de economias residenciais ativas de água (AG013), multiplicada pela taxa média de habitantes por domicílio do respectivo município, obtida no último Censo ou Contagem de População do IBGE. Quando isso ocorrer, o prestador de serviços deverá abater da quantidade de economias residenciais ativas de água, o quantitativo correspondente aos domicílios atendidos e que não contam com população residente. Como, por exemplo, em domicílios utilizados para veraneio, em domicílios utilizados somente em finais de semanas, imóveis desocupados, dentre outros. Assim, o quantitativo de economias residenciais ativas a ser considerado na estimativa populacional normalmente será inferior ao valor informado em AG013. A população AG001 deve ser menor ou igual à população da informação G12a. ;;;;;;;;;;;;;;;;;;;
Quanto da população urbana é atendida com água?;Abastecimento de água;População urbana atendida com abastecimento de água;AG026;SNIS-AE;2022;"Valor da população urbana atendida com abastecimento de água pelo prestador de serviços, no último dia do ano de referência. Corresponde à população urbana que é efetivamente atendida com os serviços. Caso o prestador de serviços não disponha de procedimentos próprios para definir, de maneira precisa, essa população, o mesmo poderá estimá-la utilizando o produto da quantidade de economias residenciais ativas de água (AG013), na zona urbana, multiplicada pela taxa média de habitantes por domicílio do respectivo município, obtida no último Censo ou Contagem de População do IBGE. Quando isso ocorrer, o prestador de serviços deverá abater da quantidade de economias residenciais ativas de água, existentes na zona urbana, o quantitativo correspondente aos domicílios atendidos e que não contam com população residente. Como, por exemplo, domicílios utilizados para veraneio, domicílios utilizados somente em finais de semana, imóveis desocupados, dentre outros. Assim o quantitativo de economias residenciais ativas a ser considerado na estimativa populacional normalmente será inferior ao valor informado em AG013, considerando a área urbana. AG026 não deve ser confundida com a população urbana residente nos municípios com abastecimento de água, identificada pelo código G06a. A população AG026 deve ser menor ou igual à população da informação G06a. Referências: AG001; AG013; AG025; X035; X040; X050; X115; X185.";;;;;;;;;;;;;;;;;;;
Possui informações no SNIS sobre serviço de abastecimento de água?;Abastecimento de água;Possui informações sobre serviço de abastecimento de água no SNIS-AE 2020;Calculada;SNIS-AE;2022;Checagem da existência do município na base do SNIS AE 2020;;;;;;;;;;;;;;;;;;;
Possui serviço de esgotamento sanitário?;Esgotamento sanitário;Possui informações sobre serviço de esgotamento sanitário no SNIS-AE 2020?;Calculada;SNIS-AE;2022;Checagem se o município possui dados de esgotamento sanitário na base do SNIS AE 2020;;;;;;;;;;;;;;;;;;;
;Resíduos Sólidos;População urbana atendida no município, abrangendo o distrito-sede e localidades;CO050;SNIS-RS;2022;Valor declarado pelo órgão responsável da população urbana efetivamente beneficiada com o serviço regular de coleta de RDO no município, no final do ano de referência. Inclui populações da sede e de localidades (distritos e povoados) efetivamente atendidas de forma regular. No SNIS é adotado o valor declarado pelo agente responsável pelo serviço. Entende-se como regular o serviço com frequência mínima de 1 (uma) vez por semana. Para auxílio da estimativa desta população são fornecidos neste aplicativo, os valores de população total fornecido pelo IBGE e da projeção da população urbana feita pelo SNIS a partir dos dados do IBGE, relativos ao ano de referência.;;;;;;;;;;;;;;;;;;;
;Resíduos Sólidos;População total atendida no município com coleta regular de pelo menos uma vez por semana;CO164;SNIS-RS;2022;Valor declarado, pelo órgão responsável, da população total (urbana + rural) efetivamente beneficiada com o serviço de coleta regular de resíduos domiciliares no município, no final do ano de referência. Inclui população urbana (CO050) e população da zona rural - dispersa ou não - residente na sede e nos demais distritos e localidades. Entende-se como regular o serviço com frequência mínima de 1 (uma) vez por semana.;;;;;;;;;;;;;;;;;;;
Qual a natureza jurídica do prestador de serviço?;Resíduos Sólidos;Natureza jurídica da entidade responsável pela gestão do manejo de RSU;COD_NAT / Natureza Jurídica;SNIS-RS;2022;Natureza jurídica da entidade responsável pela gestão do manejo de RSU no município. Define a caracterização da entidade do ponto de vista legal e fiscal. Informação de natureza qualitativa. Trata-se obrigatoriamente de um órgão público.;;;;;;;;;;;;;;;;;;;
Existe coleta seletiva de resíduos sólidos?;Resíduos Sólidos;Existe coleta seletiva formalizada pela prefeitura no município?;CS001;SNIS-RS;2022;Ocorrência do serviço de coleta seletiva de resíduos sólidos domiciliares executado por agente público ou empresa contratada, por empresa do ramo ou sucateiro, por associações ou cooperativas de catadores, ou por outros agentes. Informação de natureza qualitativa, cujas opções de resposta são 'sim' ou 'não'.;;;;;;;;;;;;;;;;;;;
Qual a população total atendida por esgotamento sanitário?;Esgotamento sanitário;População total atendida com esgotamento sanitário;ES001;SNIS-AE;2022;"Valor da população total atendida com esgotamento sanitário pelo prestador de serviços, no último dia do ano de referência. Corresponde à população urbana que é efetivamente atendida com os serviços acrescida de outras populações atendidas localizadas em áreas não consideradas urbanas. Essas populações podem ser rurais ou mesmo com características urbanas, apesar de estarem localizadas em áreas consideradas rurais pelo IBGE. Caso o prestador de serviços não disponha de procedimentos próprios para definir, de maneira precisa, essa população, o mesmo poderá estimá-la utilizando o produto da quantidade de economias residenciais ativas de esgotos (ES008), multiplicada pela taxa média de habitantes por domicílio do respectivo município, obtida no último Censo ou Contagem de População do IBGE. Quando isso ocorrer, o prestador de serviços deverá abater da quantidade de economias residenciais ativas de esgotos, o quantitativo correspondente aos domicílios atendidos e que não contam com população residente, como, por exemplo, domicílios utilizados para veraneio, domicílios utilizados somente em finais de semana, imóveis desocupados, dentre outros. Assim o quantitativo de economias residenciais ativas a ser considerado na estimativa populacional normalmente será inferior ao valor informado em ES008. A população ES001 deve ser menor ou igual à população da informação G12b. Referências: ES008; ES025; ES026; X035; X040; X050; X095; X115; X125, X185. ";;;;;;;;;;;;;;;;;;;
;Esgotamento sanitário;ES005 - Volume de esgotos coletado;ES005;SNIS-AE;2022;;;;;;;;;;;;;;;;;;;;
;Esgotamento sanitário;ES006 - Volume de esgotos tratado;ES006;SNIS-AE;2022;;;;;;;;;;;;;;;;;;;;
;Esgotamento sanitário;População urbana atendida com esgotamento sanitário;ES026;SNIS-AE;-;"Valor da população urbana beneficiada com esgotamento sanitário pelo prestador de serviços, no último dia do ano de referência. Corresponde à população urbana que é efetivamente atendida com os serviços. Caso o prestador de serviços não disponha de procedimentos próprios para definir, de maneira precisa, essa população, o mesmo poderá estimá-la utilizando o produto da quantidade de economias residenciais ativas de esgoto (ES008), na zona urbana, multiplicada pela taxa média de habitantes por domicílio do respectivo município, obtida no último Censo ou Contagem de População do IBGE. Quando isso ocorrer, o prestador de serviços deverá abater da quantidade de economias residenciais ativas de esgoto, existentes na zona urbana, o quantitativo correspondente aos domicílios atendidos e que não contam com população residente. Como, por exemplo, domicílios utilizados para veraneio, domicílios utilizados somente em finais de semana, imóveis desocupados, dentre outros. Assim o quantitativo de economias residenciais ativas a ser considerado na estimativa populacional normalmente será inferior ao valor informado em ES008, considerando a área urbana. ES026 não deve ser confundida com a população urbana residente dos municípios com esgotamento sanitário, identificada pelo código G06b. A população ES026 deve ser menor ou igual à população da informação G06b. Referências: ES001; ES008; ES025; X035; X040; X050; X115.";;;;;;;;;;;;;;;;;;;
;Abastecimento de água;População rural atendida com abastecimento de água;Calculada;Própria;-;Calculada subtraindo a população urbana atendida da população total atendida por abastecimento de água.;;;;;;;;;;;;;;;;;;;
Quanto da população rural é atendida com água?;Abastecimento de água;Índice de atendimento rural de água;Calculada;Própria;-;População rural atendida com abastecimento de água, dividido pela população rural total do município ;;;;;;;;;;;;;;;;;;;
;Resíduos Sólidos;A prefeitura (prestadora) cobra pelos serviços de coleta regular, transporte e destinação final de rsu;FN201;SNIS-RS;2022;Existência de cobrança pelos serviços regulares de manejo de RSU, notadamente pela coleta de resíduos domiciliares. Entende-se como regulares aqueles que são de natureza obrigatória e prestados rotineiramente, independentemente de solicitações individualizadas de munícipes, instituições ou empresas. Informação de natureza qualitativa, cujas opções de resposta são 'sim' ou 'não'.;;;;;;;;;;;;;;;;;;;
;Resíduos Sólidos;Principal forma adotada;FN202;SNIS-RS;2022;"Especificação da forma de cobrança pelos serviços regulares de manejo de RSU, discriminada sob as seguintes formas: taxa específica no boleto do IPTU; taxa em boleto exclusivo; tarifa; taxa específica no boleto de água ou outra forma.";;;;;;;;;;;;;;;;;;;
;Abastecimento de água;Quantidade de municípios atendidos com abastecimento de água com delegação em vigor;GE001;SNIS-AE;2022;Quantidade de municípios em que o prestador de serviços atua com serviços de abastecimento de água, seja na sede municipal ou localidades, por meio de um instrumento de formalização da delegação;;;;;;;;;;;;;;;;;;;
;Abastecimento de água;Quantidade de municípios atendidos com abastecimento de água com delegação vencida;GE002;SNIS-AE;2022;Quantidade de municípios em que o prestador de serviços atua com serviços de abastecimento de água, seja na sede municipal ou localidades, por meio de um instrumento de formalização da delegação (contrato ou convênio), com vigência vencida. Segundo a Lei nº 11.445/2007, a delegação formal pode se dar por meio de contrato de concessão ou contrato de programa. No entanto, delegação anterior à lei, mesmo que formalizada por meio de convênio, deve também ser computada. Para prestador de serviços de abrangência local (X002) e natureza jurídica correspondente à administração pública direta (X005) ou autarquia (X045), não é solicitado o preenchimento deste campo.;;;;;;;;;;;;;;;;;;;
;Abastecimento de água;Quantidade de municípios atendidos com abastecimento de água sem delegação;GE003;SNIS-AE;2022;Quantidade de municípios em que o prestador de serviços atua com serviços de abastecimento de água, seja na sede municipal ou localidades, sem que exista um instrumento de formalização da delegação (contrato ou convênio). Enquadram-se aqui os casos em que não há necessidade legal de um instrumento de formalização da delegação (administração pública direta ou autarquias, por exemplo). Para prestador de serviços de abrangência local (X002) e natureza jurídica correspondente à administração pública direta (X005) ou autarquia (X045), não é solicitado o preenchimento deste campo.;;;;;;;;;;;;;;;;;;;
;Esgotamento sanitário;Quantidade de municípios atendidos com esgotamento sanitário com delegação em vigor;GE014;SNIS-AE;2022;"Quantidade de municípios em que o prestador de serviços atua com serviços de esgotamento sanitário, seja na sede municipal ou localidades, por meio de um instrumento de formalização da delegação
(contrato ou convênio) em vigor. Segundo a Lei nº 11.445/2007, a delegação formal pode se dar por meio de contrato de concessão ou contrato de programa. No entanto, delegação anterior à lei, mesmo
que formalizada por meio de outros instrumentos, deve também ser computada. Para prestador de serviços de abrangência local (X002) e natureza jurídica correspondente à administração pública direta
(X005) ou autarquia (X045), não é solicitado o preenchimento deste campo.";;;;;;;;;;;;;;;;;;;
;Esgotamento sanitário;Quantidade de municípios atendidos com esgotamento sanitário com delegação vencida;GE015;SNIS-AE;2022;"Quantidade de municípios em que o prestador de serviços atua com serviços de esgotamento sanitário, seja na sede municipal ou localidades, por meio de um instrumento de formalização da delegação
(contrato ou convênio), com vigência vencida. Segundo a Lei nº 11.445/2007, a delegação formal pode se dar por meio de contrato de concessão ou contrato de programa. No entanto, delegação anterior à
lei, mesmo que formalizada por meio de convênio, deve também ser computada. Para prestador de serviços de abrangência local (X002) e natureza jurídica correspondente à administração pública direta
(X005) ou autarquia (X045), não é solicitado o preenchimento deste campo.";;;;;;;;;;;;;;;;;;;
;Esgotamento sanitário;Quantidade de municípios atendidos com esgotamento sanitário sem delegação;GE016;SNIS-AE;2022;"Quantidade de municípios em que o prestador de serviços atua, com serviços de esgotamento sanitário, seja na sede municipal ou localidades, sem que exista um instrumento de formalização da
delegação (contrato ou convênio). Enquadram-se aqui os casos em que não há necessidade legal de um instrumento de formalização da delegação (administração pública direta ou autarquias, por
exemplo). Para prestador de serviços de abrangência local (X002) e natureza jurídica correspondente à administração pública direta (X005) ou autarquia (X045), esse campo não é solicitado para
preenchimento.";;;;;;;;;;;;;;;;;;;
;Abastecimento de água;Tarifa média de água;IN005;SNIS-AE;2022;Informações envolvidas: AG011: Volume de água faturado / AG017: Volume de água bruta exportado / AG019: Volume de água tratada exportado / FN002: Receita operacional direta de água;;;;;;;;;;;;;;;;;;;
Qual é o índice de hidrometração?;Abastecimento de água;Índice de hidrometração ;IN009;SNIS-AE;2022;Informações envolvidas (SNIS AE 2018) AG002: Quantidade de ligações ativas de água AG004: Quantidade de ligações ativas de água micromedidas ;;;;;;;;;;;;;;;;;;;
;Esgotamento sanitário;Índice de coleta de esgoto;IN015;SNIS-AE;2022;Volume total do esgoto coletado dividido pelo total de esgotos gerados (água consumida);;;;;;;;;;;;;;;;;;;
;Esgotamento sanitário;Índice de tratamento de esgoto;IN016;SNIS-AE;2022;Volume de esgotos tratados dividido pelo volume de esgotos coletados;;;;;;;;;;;;;;;;;;;
;Resíduos Sólidos;Taxa de cobertura regular do serviço de coleta de rdo em relação à população total do município;IN015_RS;SNIS-RS;2022;Informações envolvidas: CO164: População total atendida no município POP_TOT: População total do município (Fonte: IBGE): ;;;;;;;;;;;;;;;;;;;
;Resíduos Sólidos;Taxa de cobertura regular do serviço de coleta de rdo em relação à população urbana ;IN016_RS;SNIS-RS;-;Informações envolvidas: CO050: População urbana atendida no município, abrangendo o distrito-sede e localidades POP_URB: População urbana do município (Fonte: IBGE) ;;;;;;;;;;;;;;;;;;;
;Resíduos Sólidos;Massa coletada (rdo + rpu) per capita em relação à população urbana;IN021_RS;SNIS-RS;-;Informações envolvidas: CO116: Quantidade de RDO e RPU coletada pelo agente público CO117: Quantidade de RDO e RPU coletada pelos agentes privados CO142: Quantidade de RDO e RPU coletada por outros agentes executores CS048: Qtd. recolhida na coleta seletiva executada por associações ou cooperativas de catadores COM parceria/apoio da Prefeitura? POP_URB: População urbana do município (Fonte: IBGE);;;;;;;;;;;;;;;;;;;
;Esgotamento sanitário;Índice de esgoto tratado referido à água consumida;IN046;SNIS-AE;2022;Volume de esgotos tratados dividido pelo volume de esgotos gerados (água consumida);;;;;;;;;;;;;;;;;;;
;Esgotamento sanitário;Volume de esgotos coletado;ES005;SNIS-AE;2022;Volume de esgotos coletado;;;;;;;;;;;;;;;;;;;
;Esgotamento sanitário;Volume de esgotos tratado;ES006;SNIS-AE;2022;Volume de esgotos tratado;;;;;;;;;;;;;;;;;;;
;Esgotamento sanitário;Volume de esgotos bruto importado;ES013;SNIS-AE;2022;Volume de esgotos bruto importado;;;;;;;;;;;;;;;;;;;
;Esgotamento sanitário;Volume de esgoto importado tratado nas instalações do importador;ES014;SNIS-AE;2022;Volume de esgoto importado tratado nas instalações do importador;;;;;;;;;;;;;;;;;;;
;Esgotamento sanitário;Volume de esgoto bruto exportado tratado nas instalações do importador;ES015;SNIS-AE;2022;Volume de esgoto bruto exportado tratado nas instalações do importador;;;;;;;;;;;;;;;;;;;
;Abastecimento de água;Volume de água consumido;AG010;SNIS-AE;2022;Volume de água consumido;;;;;;;;;;;;;;;;;;;
;Abastecimento de água;Volume de água tratada exportado;AG019;SNIS-AE;2022;Volume de água tratada exportado;;;;;;;;;;;;;;;;;;;
;Esgotamento sanitário;Volume de esgotos lançados na natureza sem tratamento;Calculada;Com base em SNIS-AE;2022;Volume total de esgotos gerados (AG010 - AG019) menos o volume de esgotos tratados (ES005+ES015);;;;;;;;;;;;;;;;;;;
;Esgotamento sanitário;Volume total de esgotos gerados;Calculada;Com base em SNIS-AE;2022;Volume da água consumida, menos o volume água tratada exportado;;;;;;;;;;;;;;;;;;;
Qual é o consumo médio per capita de água?;Abastecimento de água;Consumo médio percapita de água ;IN022;SNIS-AE;2022;Informações envolvidas: AG001: População total atendida com abastecimento de água / AG010: Volume de água consumido / AG019: Volume de água tratada exportado;;;;;;;;;;;;;;;;;;;
;Esgotamento sanitário;População rural atendida com esgotamento sanitário;Calculada;Com base no SNIS AE;-;População total atendida por esgoto menos a população urbana atendida;;;;;;;;;;;;;;;;;;;
;Esgotamento sanitário;Índice de atendimento rural de esgoto referido aos municípios atendidos com esgoto ;Calculada;Com base no SNIS AE;-;População rural atendida / população rural total;;;;;;;;;;;;;;;;;;;
;Abastecimento de água;Índice de atendimento urbano de água;IN023;SNIS-AE;2022;Informações envolvidas: AG026: População urbana atendida com abastecimento de água / G06A: População urbana residente do(s) município(s) com abastecimento de água / POP_URB: População urbana do município do ano de referência (Fonte: IBGE):;;;;;;;;;;;;;;;;;;;
;Resíduos Sólidos;Massa de resíduos domiciliares e públicos (rdo+rpu) coletada per capita em relação à população total atendida pelo serviço de coleta;IN028_RS;SNIS-RS;2022;Informações envolvidas: CO116: Quantidade de RDO e RPU coletada pelo agente público CO117: Quantidade de RDO e RPU coletada pelos agentes privados CO142: Quantidade de RDO e RPU coletada por outros agentes executores CO164: População total atendida no município CS048: Qtd. recolhida na coleta seletiva executada por associações ou cooperativas de catadores COM parceria/apoio da Prefeitura?;;;;;;;;;;;;;;;;;;;
Qual é a parcela do esgoto gerado que é coletada e tratada?;Esgotamento sanitário;Índice de Atendimento com Coleta e com Tratamento (2013);Parcela da Carga Gerada em 2013 com Coleta e com Tratamento (Kg DBO/dia);ANA;2013;Parcela da Carga Gerada em 2013 com Coleta e com Tratamento (Kg DBO/dia);;;;;;;;;;;;;;;;;;;
Qual é a parcela do esgoto gerado que é coletada mas não tratada?;Esgotamento sanitário;Índice de Atendimento com Coleta e sem Tratamento (2013);Parcela da Carga Gerada em 2013 sem Coleta e sem Tratamento (Kg DBO/dia);ANA;2013;Parcela da Carga Gerada em 2013 sem Coleta e sem Tratamento (Kg DBO/dia);;;;;;;;;;;;;;;;;;;
Qual é a parcela do esgoto gerado que é tratada por solução individualizada?;Esgotamento sanitário;Índice de Atendimento por Solução Individual (2013);Índice de Atendimento por Solução Individual (2013);ANA;2013;Índice de Atendimento por Solução Individual (2013);;;;;;;;;;;;;;;;;;;
Qual é a parcela do esgoto gerado que não é coletada?;Esgotamento sanitário;Índice sem atendimento - sem Coleta e sem Tratamento (2013);Índice sem atendimento - sem Coleta e sem Tratamento (2013);ANA;2013;Índice sem atendimento - sem Coleta e sem Tratamento (2013);;;;;;;;;;;;;;;;;;;
Qual é a parcela da carga orgânica total gerada no esgoto que chega ao ambiente?;Esgotamento sanitário;Parcela da Carga Lançada em 2013 sem Coleta e sem Tratamento;Carga Lançada Total em 2013 (Kg DBO/dia);ANA;2013;Carga Lançada Total em 2013 (Kg DBO/dia);;;;;;;;;;;;;;;;;;;
Qual a forma de cobrança pelos serviços de drenagem?;Drenagem;Qual é a forma de cobrança adotada?;CB002;SNIS-AP;2022;"Informar a forma de cobrança pelos serviços de drenagem e manejo das águas pluviais: Opções: Cobrança de taxa específica; Cobrança de tarifa; Outra. No caso da cobrança de taxa específica, se a resposta for positiva, informar em CB 999 o número da Lei que a institui e a disciplina.";;;;;;;;;;;;;;;;;;;
Qual o prestador de serviço para drenagem?;Drenagem;Nome da Secretaria ou Setor responsável pelos serviços de Drenagem e Manejo das Águas Pluviais Urbanas no município;Setor responsável;SNIS-AP;2022;Secretaria Municipal que realiza a gestão dos serviços de Drenagem e Manejo das Águas Pluviais Urbanas no município ou outro órgão, quando delegado por meio de Lei Municipal, ou por meio de contrato de concessão ou por contrato de programa. Devem também ser consideradas as delegações feitas com instrumentos precários de delegação, desde que anteriores à Lei de Consórcios Públicos, no 11.107/2005. Os serviços terceirizados mediante contratos com duração igual ou inferior a cinco anos, nos termos da legislação vigente, não são considerados serviços delegados, e por isso devem ser considerados Outras Entidades.;;;;;;;;;;;;;;;;;;;
;Drenagem;Fontes de recursos para custeio dos Serviços de Drenagem e Manejo das Águas Pluviais Urbanas;FN004;SNIS-AP;2022;Meios econômicos e financeiros que financiam a operação e a manutenção dos serviços de Drenagem e Manejo das Águas Pluviais Urbanas no município, no ano de referência. A opção “receitas de taxas” corresponde ao valor associado à cobrança de taxa específica pelo uso efetivo ou disposição dos serviços de Drenagem e Manejo das Águas Pluviais Urbanas. Somente deve ser marcada a opção “Não existe forma de custeio quando o município não possuir sistema de drenagem. Assim, todo município que possuir um sistema de drenagem e manejo das águas pluviais urbanas deve possuir obrigatoriamente alguma forma de custeio. A opão “Outras” contempla qualquer outra fonte de entrada de recursos para custeio dos serviços de drenagem e manejo das águas pluviais urbanas. Descrever em FN999 as outras fontes de entrada praticadas pelo município.;;;;;;;;;;;;;;;;;;;
O município participa de Comitê de Bacia ou de Sub-bacia Hidrográ?ca organizado?;Drenagem;O município participa de Comitê de Bacia ou de Sub-bacia Hidrográ?ca organizado?;GE012;SNIS AP;2022;Indicar se existe Comitê de Bacia ou de Sub-Bacia Hidrográfica organizado no município. Comitê de Bacia (ou Sub-Bacia) é o órgão colegiado formado por representantes do poder público, usuários e sociedade civil com atribuições normativas, deliberativas e consultivas a serem exercidas na bacia hidrográfica de sua jurisdição.;;;;;;;;;;;;;;;;;;;
Existe Plano Diretor de Drenagem?;Drenagem;Existe Plano Diretor de Drenagem e Manejo das Águas Pluviais Urbanas no município?;IE001;SNIS-AP;2022;Informação se já existe ou se passou a existir, no ano de referência, o Plano Diretor de Drenagem e Manejo das Águas Pluviais Urbanas no município. O Plano Diretor é o relatório ou projeto de engenharia no âmbito de planejamento, que compara alternativas, cenários e soluções possíveis, em função das mais diversas técnicas disponíveis, levando em consideração o custo-benefício e a viabilidade econômica e financeira para cada possibilidade. A etapa que antecede o Plano Diretor, quando necessária, é a de Inventário ou Diagnóstico. A etapa posterior, principalmente para obras de engenharia, é o Projeto Básico, que orienta os processos de licitação para contratação de empreiteiras. O Plano Diretor constitui-se na ferramenta por meio da qual as comunidades podem avaliar e priorizar os problemas e as necessidades presentes e futuras, além de considerar as alternativas de gerenciamento da drenagem de águas pluviais no município. É utilizado para tratar de funções como provisão de drenagem, mitigação de inundações, análise custo/benefício e avaliação de riscos.;;;;;;;;;;;;;;;;;;;
Existe cadastro técnico das obras de drenagem?;Drenagem;Existe cadastro técnico de obras lineares no município?;IE012;SNIS-AP;2022;"Informação sobre a existência ou não de cadastro técnico do sistema de Drenagem e Manejo das Águas Pluviais Urbanas implantado no município. Entende-se por ""cadastro técnico"" o conjunto de informações compostas de mapas e plantas de localização, de desenhos de detalhes e de outros registros descritivos e quantitativos sobre as infraestruturas físicas e operacionais do sistema de drenagem, feitas em papel ou em meio digital.";;;;;;;;;;;;;;;;;;;
;Drenagem;Qual é o tipo de sistema de Drenagem Urbana?;IE016;SNIS-AP;2022;Informar qual o tipo predominante de sistema de drenagem de águas pluviais urbanas existente no município. O sistema de drenagem compreende a totalidade das estruturas projetadas para promover o esgotamento das águas pluviais. O SNIS-AP classifica os tipos de sistemas de DMAPU em três diferentes categorias: o exclusivo para drenagem de águas pluviais (separador absoluto), o unitário (misto com esgotamento sanitário) e o combinado. O primeiro é formado por estruturas que escoam, exclusivamente, águas pluviais. O segundo transporta águas pluviais e cargas de esgotos urbanos. O sistema combinado, por sua vez, é caracterizado quando há uma combinação dos dois tipos de sistemas (exclusivo e unitário), onde cada tipo de configuração predomina em algum trecho da rede.;;;;;;;;;;;;;;;;;;;
;Drenagem;Extensão total de vias públicas urbanas do município;IE017;SNIS-AP;2022;Comprimento total das vias públicas terrestres da área urbana total do município. São consideradas vias terrestres urbanas as ruas, as avenidas, os logradouros, os caminhos, as passagens, as estradas e as rodovias, que têm seu uso regulamentado pelo órgão ou entidade com circunscrição sobre elas, de acordo com as peculiaridades locais e as circunstâncias especiais. ;;;;;;;;;;;;;;;;;;;
;Drenagem;Extensão total de vias públicas urbanas com pavimento e meio-fio (ou semelhante);IE019;SNIS-AP;2022;Extensão total das vias públicas terrestres da área urbana total do município que possuem algum tipo de pavimento (seja ele constituído de revestimentos ?exíveis – como os betuminosos ou por calçamento – ou de pavimentos rígidos – como o concreto cimento ou macadame cimentado) e meio-?o ou estrutura semelhante destinada a encaminhar as águas da chuva para as saídas de água, impedindo a erosão da plataforma da via e dos taludes de aterros.;;;;;;;;;;;;;;;;;;;
;Drenagem;Extensão total de vias públicas urbanas com redes ou canais de águas pluviais subterrâneos:;IE024;SNIS-AP;2022;Comprimento total de vias públicas que possuem redes ou canais subterrâneos de águas pluviais, na área urbana total do município. Os canais fechados construídos para o escoamento das águas de chuva, conhecidos como canais de águas pluviais subterrâneos, fazem parte das redes coletoras e destinam-se ao transporte das águas captadas pelas bocas coletoras até os pontos de lançamento. A rede coletora subsuper?cial, destinada a captar e a transportar águas de chuva, pode ou não ser utilizada para transportar também o esgoto sanitário. ;;;;;;;;;;;;;;;;;;;
;Drenagem;Extensão total dos cursos d’água naturais perenes canalizados abertos em áreas urbanas;IE034;SNIS-AP;2022;Comprimento total dos cursos d’água naturais perenes canalizados de maneira aberta na área urbana total do município. Encontram-se canalizados os cursos d’água naturais cujos leitos foram submetidos a obras ou serviços que tenham por objetivo dar forma geométrica de?nida para a seção transversal do curso d'água, ou trecho deste, com ou sem revestimento de qualquer espécie nas margens ou no fundo. Canal aberto é o percurso construído arti?cialmente, que conduz água a céu aberto para os locais de consumo ou aumenta a capacidade de escoamento dos cursos d’água naturais durante as enchentes. ;;;;;;;;;;;;;;;;;;;
;Drenagem;Extensão total dos cursos d’água naturais perenes canalizados fechados em áreas urbanas;IE035;SNIS-AP;2022;Informar a extensão total dos cursos d’água naturais perenes que percorrem canais arti?ciais fechados dentro da área urbana total do município. Os cursos d’água naturais encontram-se canalizados de forma fechada (ou sob manilhamento) quando seus leitos ou calhas estão cobertos por alguma superfície dura ou impermeável (geralmente concreto), ou canalizados em tubulações (“entubados”), aduelas, gabiões ou outras estruturas de concreto, metálicas ou de outros materiais. ;;;;;;;;;;;;;;;;;;;
;Drenagem;Taxa de Cobertura de Pavimentação e Meio-Fio na Área Urbana do Município;IN020;SNIS-AP;2022;Finalidade: Medir a extensão de vias pavimentadas em relação à extensão total de vias existentes nas áreas urbanas dos municípios.;;;;;;;;;;;;;;;;;;;
;Drenagem;Taxa de cobertura de vias públicas com redes ou canais pluviais subterrâneos na área urbana ;IN021;SNIS-AP;2022;Finalidade: Medir a relação entre a extensão de vias urbanas com canais subterrâneos e a extensão total de vias urbanas.;;;;;;;;;;;;;;;;;;;
;Drenagem;Parcela de Cursos d’Água Naturais Perenes em Área Urbana com Parques Lineares;IN025;SNIS-AP;2022;Finalidade: Avaliar a extensão de cursos d'água com parques lineares em relação à extensão total de cursos d'água em áreas urbanas;;;;;;;;;;;;;;;;;;;
;Drenagem;Parcela de Cursos d’Água Naturais Perenes com Canalização Aberta;IN026;SNIS-AP;2022;Finalidade: Avaliar a proporção de cursos de água perenes canalizados a céu aberto em relação ao total de cursos de água urbanos.;;;;;;;;;;;;;;;;;;;
;Drenagem;Parcela de Cursos d’Água Naturais Perenes com Canalização Fechada;IN027;SNIS-AP;2022;Finalidade Avaliar a parcela de cursos de água naturais, perenes que foram canalizados em galerias fechadas.;;;;;;;;;;;;;;;;;;;
;Drenagem;Parcela de Cursos d’Água Naturais Perenes com Diques;IN029;SNIS-AP;2022;Finalidade: Avaliar a extensão de cursos de água dotados de diques laterais para a proteção de áreas de várzea ocupadas.;;;;;;;;;;;;;;;;;;;
Qual a parcela de domicílios em situação de risco de inundação?;Drenagem;Parcela de Domicílios em Situação de Risco de Inundação;IN040;SNIS-AP;2022;Finalidade: Avaliar a quantidade de domicílios urbanos sujeitos a riscos de inundação em relação à quantidade total de domicílios urbanos do município.;;;;;;;;;;;;;;;;;;;
;Drenagem;Parcela da população impactada por Eventos Hidrológicos;IN041;SNIS-AP;2022;Finalidade: Avaliar a parcela da população afetada desabrigada ou desalojada devido à ocorrência de inundações;;;;;;;;;;;;;;;;;;;
;Drenagem;Parcela de área urbana em relação à área total;IN042;SNIS-AP;2022;Finalidade:Informar a parcela de área urbana em relação à área total do município. Partindo-se do princípio de que a maior parte da infraestrutura de DMAP é planejada para a área urbana, esse indicador, em conjunto com outros indicadores, auxiliará a avaliação da e?ciência da gestão do sistema. Por exemplo: em municípios com altos valores de IN042 é de se esperar que os recursos destinados à DMAP sejam proporcionalmente maiores que em municípios onde esse indicador é menor.;;;;;;;;;;;;;;;;;;;
;Drenagem;Densidade Demográ?ca na Área Urbana;IN043;SNIS-AP;2022;Finalidade: Determinar a densidade demográ?ca na área urbana. Contribui para avaliar o índice de impermeabilização global da área urbana por meio de correlações disponíveis em literatura e em planos de drenagem. Alta densidade demográ?ca indica alto índice de impermeabilização, coe?cientes de escoamento super?cial maiores. Quanto maior o coe?ciente de escoamento, maior a parcela da chuva que escoa pela superfície e maior é o carregamento do sistema de drenagem.;;;;;;;;;;;;;;;;;;;
Qual a densidade de domicílios na área urbana?;Drenagem;Densidade de Domicílios na Área Urbana;IN044;SNIS-AP;2022;Finalidade: Determinar a densidade de domicílios na área urbana. Assim como o IN043, contribui para avaliar o índice de impermeabilização global da área urbana por meio de correlações disponíveis em literatura e em planos de drenagem. Muitos autores e projetistas preferem utilizar a densidade de domicílios para estimar o coe?ciente de escoamento super?cial médio. Existem curvas de correlação calibradas para diversas cidades que podem ser utilizadas para estimativa.;;;;;;;;;;;;;;;;;;;
;Drenagem;Índice de Óbitos;IN046;SNIS-AP;2022;Finalidade: Estimar o índice de óbitos provocado por eventos hidrológicos no padrão adotado pelos órgãos de saúde pública, alinhado à taxa de mortalidade especí?ca para causas externas, medida em óbitos por 100.000 habitantes.;;;;;;;;;;;;;;;;;;;
;Drenagem;No ano de referência, quais das seguintes intervenções ou manutenções foram realizadas no sistema de Drenagem e Manejo das Águas Pluviais Urbanas ou nos cursos d'água da área urbana do município?;OP001;SNIS-AP;2022;"Caso tenham sido realizadas intervenções (tais como dragagem, desassoreamento, limpeza etc.) ou manutenções (preventivas ou corretivas) no sistema de Drenagem e Manejo das Águas Pluviais Urbanas ou nos cursos d'água da área urbana do município durante o ano de referência, indicar, entre as opções de resposta, quais tipos dessas atividades foram executados. Os serviços de manutenção e conservação periódica dos sistemas de drenagem urbana incluem a limpeza e a conservação periódica das unidades que compõem o sistema de drenagem urbana, tais como bocas de lobo, redes coletoras, emissários, dispositivos de amortecimento de vazão, bacias de dissipação de energia etc. Essas atividades são classi?cadas em: limpeza e retirada de detritos que impeçam o bom funcionamento dos dispositivos de captação que estão localizados em pontos convenientes, em geral nas faixas de vias públicas, para captação de águas pluviais (bocas de lobo, caixas com grelhas, ralos etc.); limpeza e retirada de detritos que impeçam o bom funcionamento das galerias (canais fechados construídos para o escoamento das águas de chuva); dragagem e limpeza de canais através de uma draga, com a ?nalidade de limpar o fundo, retirando depósitos de areia, lama, objetos, de modo a permitir a recuperação das dimensões da seção de escoamento do canal; e varrição e limpeza de vias, ruas, avenidas, becos e praças localizados na área urbana; ou outra atividade. ";;;;;;;;;;;;;;;;;;;
Natureza jurídica ;Drenagem;Natureza jurídica;Natureza Jurídica;SNIS-AP;2022;"Informar a forma jurídica como está constituído o órgão gestor dos serviços. A administração pública direta é constituída pelas secretarias, departamentos ou outros órgãos da administração direta. A autarquia é uma entidade com personalidade jurídica de direito público, criada por lei específica, com patrimônio próprio, atribuições públicas específicas e capacidade de autoadministrar-se, sob controle estadual ou municipal. A empresa pública é uma entidade de personalidade jurídica de direito privado com patrimônio próprio e capital exclusivo da União, do Estado ou do Município; tem sua instituição autorizada por lei para prestação de serviço público passível de exploração econômica a que o governo seja levado a exercer por força de contingência ou conveniência administrativa. A sociedade de economia mista com gestão pública é uma entidade de personalidade jurídica de direito privado com capital público e privado, maioria pública nas ações com direito a voto, gestão exclusivamente pública e todos os dirigentes indicados pelo poder público; tem sua instituição autorizada por lei para prestação de serviço público passível de exploração econômica a que o Poder Público seja levado a exercer por força de contingência ou conveniência administrativa. O mesmo acontece com a sociedade de economia mista com gestão privada, entretanto com participação dos sócios privados na gestão dos negócios da empresa por meio de um ou mais dirigentes escolhidos e designados por aqueles sócios.";;;;;;;;;;;;;;;;;;;
Existem sistemas de alerta de riscos hidrológicos?;Drenagem;Existem sistemas de alerta de riscos hidrológicos (alagamentos, enxurradas, inundações) no município?;RI005;SNIS-AP;2022;Se no município existem ou passaram a existir, no ano de referência, sistemas de alerta de riscos hidrológicos impactantes, marcar a resposta “sim”. Entende- se por “sistema de alerta” o sistema de transmissão rápida de dados que ativem mecanismos de alarme em uma população previamente treinada para reagir a um desastre, por exemplo, em decorrência a eventos hidrológicos impactantes. Um risco hidrológico pode ser representado, por exemplo, por chuvas torrenciais que ultrapassam a capacidade dos cursos d'água, provocando alagamentos, enxurradas ou inundações. Tais fenômenos podem ser agravados pela intervenção humana no meio ambiente. Como exemplo de sistemas de alerta, tem-se os equipamentos de som e de alarme, os equipamentos de radiocomunicação, os sistemas de telecomunicação, entre outros.;;;;;;;;;;;;;;;;;;;
Existe mapeamento das áreas de risco de inundação?;Drenagem;Existe mapeamento de áreas de risco de inundação dos cursos d'água urbanos?;RI009;SNIS-AP;2022;"Informação se já foi feito, até o ano de referência, o mapeamento das áreas de risco de inundação dos córregos e rios urbanos do município. Entende-se por “mapeamento de áreas de risco” o levantamento ou medição das áreas onde existe a possibilidade de ocorrência de eventos adversos. O mapa de risco é um documento gráfico e textual para identificar o cenário de riscos, ameaças e condições de vulnerabilidades da população. Significa imaginar para antecipar mentalmente como pode ver-se afetada uma comunidade determinada. Um mapa de riscos de uma comunidade ou área geográfica assinala os lugares e construções – casas, escolas, instalações etc. – que poderiam ver-se adversamente afetados em uma situação de emergência. Para isso é preciso determinar no mapa as zonas e elementos que se encontram em risco. Deve ser elaborado a partir de atividades de consulta com pessoas e grupos com diferentes especialidades (inclusive de crianças e adolescentes), discutindo as alternativas para reduzir o risco. A avaliação dos riscos realizada coletivamente constitui um poderoso instrumento de educação e influencia a comunidade para aumentar a consciência pública sobre os riscos de desastres. Também facilita a participação na tomada de decisões, a planificação das ações para a resposta e para o desenvolvimento. Os envolvidos na elaboração do mapa percorrem a comunidade para o reconhecimento das diferentes áreas afetadas ou potencialmente afetadas. Alguns dos elementos a considerar para elaborar um mapa de riscos são: limites territoriais; vias de acesso; recursos naturais; infraestrutura de todo tipo; escolas, centros de saúde; outros equipamentos sociais; lugares produtivos (cultivos); redes de água potável; depósitos de lixo; sistema de drenagem; acesso à energia elétrica; áreas seguras mais próximas; áreas mais afetadas; informação epidemiológica; meios de comunicação.";;;;;;;;;;;;;;;;;;;
;Drenagem;O mapeamento é parcial ou integral?;RI010;SNIS-AP;2022;Em caso de resposta “sim” à pergunta RI009, informar se o mapeamento de áreas de risco de inundação dos cursos d'água urbanos abrange totalmente as áreas urbanas do município (mapeamento integral) ou apenas parte delas (mapeamento parcial).;;;;;;;;;;;;;;;;;;;
Quantos domicílios estão em situação de risco de inundação?;Drenagem;Quantidade de domicílios sujeitos a risco de inundação;RI013;SNIS-AP;2022;Informar a quantidade cadastrada ou estimada de domicílios urbanos existentes no município, até o último dia do ano de referência, que se encontram suscetíveis a riscos de inundação, tendo ou não sido atingidos por eventos hidrológicos impactantes. Entende-se por “domicílio” o local de moradia estruturalmente separado e independente, constituído por um ou mais cômodos.;;;;;;;;;;;;;;;;;;;
Qual a quantidade de enxurradas, inundações e alagamentos nos últimos 5 anos?;Drenagem;Quantidade de enxurradas, alagamentos e inundações nos últimos 5 anos;RI069;SNIS-AP;2022;Quantidade de enxurradas, alagamentos e inundações nos últimos 5 anos;;;;;;;;;;;;;;;;;;;
Possui informações disponíveis sobre drenagem e Águas Pluviais?;Drenagem;Possui informações sobre serviço de drenagem no SNIS-AP 2020?;Calculada;SNIS-AP;2022;Checagem se o município possui dados de drenagem na base do SNIS AE 2020;;;;;;;;;;;;;;;;;;;
Há informações sobre resíduos sólidos do município no SNIS?;Resíduos Sólidos;Possui informações sobre serviço de drenagem no SNIS-AP 2020?;Calculada;SNIS-AP;2022;Checagem se o município possui dados de drenagem na base do SNIS RS 2020;;;;;;;;;;;;;;;;;;;
;Resíduos Sólidos;Estimativa de população rural  atendida com coleta de resíduos domiciliares;Calculada;com base em SNIS-RS;-;População total atendida - População urbana atendida;;;;;;;;;;;;;;;;;;;
;Resíduos Sólidos;Taxa de cobertura de coleta de RDO em relação à população rural ;Calculada;com base em SNIS-RS;-;Estimativa da população rural atendida / população rural total;;;;;;;;;;;;;;;;;;;
;Resíduos Sólidos;Taxa de cobertura do serviço de coleta seletiva porta-a-porta em relação à população urbana do município. ;IN030_RS;SNIS-RS;2022;Informações envolvidas: CS050: População urbana do município atendida com a coleta seletiva do tipo porta a porta executada pela Prefeitura (ou SLU) POP_URB: População urbana do município (Fonte: IBGE);;;;;;;;;;;;;;;;;;;
;Resíduos Sólidos;Taxa de recuperação de materiais recicláveis (exceto matéria orgânica e rejeitos) em relação à quantidade total (rdo + rpu) coletada;IN031_RS;SNIS-RS;2022;Informações envolvidas: CO116: Quantidade de RDO e RPU coletada pelo agente público CO117: Quantidade de RDO e RPU coletada pelos agentes privados CO142: Quantidade de RDO e RPU coletada por outros agentes executores CS009: Quantidade total de materiais recicláveis recuperados CS048: Qtd. recolhida na coleta seletiva executada por associações ou cooperativas de catadores COM parceria/apoio da Prefeitura?;;;;;;;;;;;;;;;;;;;
;Esgotamento sanitário;Índice de atendimento urbano de esgoto referido aos municípios atendidos com esgoto ;IN047;SNIS-AE;2022;Informações envolvidas: ES026: População urbana atendida com esgotamento sanitário / G06B: População urbana residente do(s) município(s) com esgotamento sanitário / POP_URB: População urbana do município do ano de referência (Fonte: IBGE);;;;;;;;;;;;;;;;;;;
Qual o índice de perdas na distribuição?;Abastecimento de água;Índice de perdas na distribuição ;IN049;SNIS-AE;2022; Informações envolvidas: AG006: Volume de água produzido / AG010: Volume de água consumido / AG018: Volume de água tratada importado / AG024: Volume de serviço;;;;;;;;;;;;;;;;;;;
Qual a parcela de habitantes atendidos por água?;Abastecimento de água;Índice de atendimento total de água;IN055;SNIS-AE;2022;Informações envolvidas: AG001: População total atendida com abastecimento de água /  G12A: População total residente do(s) município(s) com abastecimento de água, segundo o IBGE / POP_TOT: População total do município do ano de referência (Fonte: IBGE);;;;;;;;;;;;;;;;;;;
Qual a parcela da população atendida com coleta de esgoto?;Esgotamento sanitário;Índice de atendimento total de esgoto referido aos municípios atendidos com água;IN056;SNIS-AE;2022;Informações envolvidas: ES001: População total atendida com esgotamento sanitário / G12A: População total residente do(s) município(s) com abastecimento de água, segundo o IBGE / G12B: População total residente do(s) município(s) com esgotamento sanitário, segundo o IBGE / POP_TOT: População total do município do ano de referência (Fonte: IBGE);;;;;;;;;;;;;;;;;;;
Qual o prestador de serviço para Resíduos Sólidos?;Resíduos Sólidos;Nome do órgão municipal responsável pelo manejo de RS;PSV_NOM_RS;SNIS-RS;2022;Nome do orgão municipal responsável pelo manejo de resíduos sólidos.;;;;;;;;;;;;;;;;;;;
;Resíduos Sólidos;Sigla do órgão municipal responsável pelo manejo de RS;PSV_SGL_RS;SNIS-RS;2022;Sigla do orgão municipal responsável pelo manejo de resíduos sólidos.;;;;;;;;;;;;;;;;;;;
Quem presta o serviço de esgoto?;Esgotamento sanitário;Código do prestador de serviços;X006;SNIS-AE;2022;Código do prestador de serviços.;;;;;;;;;;;;;;;;;;;
Qual a natureza jurídica do serviço de esgotamento sanitário?;Esgotamento sanitário;Natureza Jurídica;X100;SNIS-AE;2022;"Forma jurídica como está constituído o prestador de serviços de saneamento. Regula características legais e fiscais. Referências: X005; X045; X055; X060; X105; X140; X145.";;;;;;;;;;;;;;;;;;;
Quem presta o serviço de abastecimento de água?;Abastecimento de água;Prestador de Serviços;Prestador de Serviços;SNIS-AE;2022;Entidade legalmente constituída para administrar serviços e operar sistemas de abastecimento de água e de esgotamento sanitário.;;;;;;;;;;;;;;;;;;;
Qual a natureza jurídica do serviço de água?;Abastecimento de água;Natureza Jurídica;Natureza Jurídica;SNIS-AE;2022;Forma jurídica como está constituído o prestador de serviços de saneamento. Regula características legais e fiscais.;;;;;;;;;;;;;;;;;;;
O município possui Política Municipal de Saneamento?;Política Municipal;Política Municipal de Saneamento Básico – existência;SMSBDG0601;IBGE/MUNIC;2017;Se o município possui ou não Política Municipal de Saneamento. ;;;;;;;;;;;;;;;;;;;
Qual o instrumento legal que instituiu a política?;Política Municipal;Instrumento;SMSBDG060111;IBGE/MUNIC;2017;Sobre qual o instrumento legal que instituiu a Lei. ;;;;;;;;;;;;;;;;;;;
Qual o ano de criação da política?;Política Municipal;Ano de criação;SMSBDG060112a;IBGE/MUNIC;2017;Sobre qual o ano de criação da Lei.;;;;;;;;;;;;;;;;;;;
Há Plano Municipal de Saneamento Básico?;Política Municipal;Plano Municipal de Saneamento Básico – existência;SMSBDG0603;IBGE/MUNIC;2017;Sobre se há Plano Municipal de Saneamento Básico. ;;;;;;;;;;;;;;;;;;;
Qual o instrumento legal que regulamenta o Plano?;Política Municipal;Instrumento legal que regulamenta o plano;SMSBDG06031;IBGE/MUNIC;2017;Sobre se há instrumento legal que regulamenta o Plano.;;;;;;;;;;;;;;;;;;;
O Plano abrange a componente de abastecimento de água?;Política Municipal;Abastecimento de água;SMSBDG06051;IBGE/MUNIC;2017;Sobre se o Plano abrange a componente de abastecimento de água.;;;;;;;;;;;;;;;;;;;
O Plano abrange a componente de esgotamento sanitário?;Política Municipal;Esgotamento Sanitário;SMSBDG06052;IBGE/MUNIC;2017;Sobre se o Plano abrange a componente de esgotamento sanitário. ;;;;;;;;;;;;;;;;;;;
O Plano abrange a componente de limpeza pública e manejo de resíduos sólidos?;Política Municipal;Limpeza pública e manejo de resíduos sólidos;SMSBDG06053;IBGE/MUNIC;2017;Sobre se o Plano abrange a componente de limpeza pública e manejo de resíduos sólidos.;;;;;;;;;;;;;;;;;;;
O Plano abrange a componente de drenagem e manejo de águas pluviais urbanas?;Política Municipal;Drenagem e manejo de águas pluviais urbanas;SMSBDG06054;IBGE/MUNIC;2017;Sobre se o Plano abrange a componente de drenagem e manejo de águas pluviais urbanas. ;;;;;;;;;;;;;;;;;;;
;Política Municipal;O plano possui ações para emergências e contingências;SMSBDG06064;IBGE/MUNIC;2017;O plano prevê medidas de contingência e emergência;;;;;;;;;;;;;;;;;;;
Há Conselho Municipal de Saneamento?;Política Municipal;Conselho Municipal de Saneamento – existência;SMSBDG0607;IBGE/MUNIC;2017;Sobre se há Conselho Municipal de Saneamento. ;;;;;;;;;;;;;;;;;;;
Qual o ano de criação do Conselho?;Política Municipal;Ano de criação;SMSBDG06071a;IBGE/MUNIC;2017;Sobre qual o ano de criação do Conselho.;;;;;;;;;;;;;;;;;;;
O Conselho é consultivo?;Política Municipal;Consultivo;SMSBDG06081;IBGE/MUNIC;2017;Sobre se o Conselho é consultivo. ;;;;;;;;;;;;;;;;;;;
O Conselho é deliberativo?;Política Municipal;Deliberativo;SMSBDG06082;IBGE/MUNIC;2017;Sobre se o Conselho é deliberativo.;;;;;;;;;;;;;;;;;;;
O Conselho é normativo?;Política Municipal;Normativo;SMSBDG06083;IBGE/MUNIC;2017;Sobre se o Conselho é normativo.;;;;;;;;;;;;;;;;;;;
O Conselho é fiscalizador?;Política Municipal;Fiscalizador;SMSBDG06084;IBGE/MUNIC;2017;Sobre se  Conselho é fiscalizador.;;;;;;;;;;;;;;;;;;;
Há Fundo Municipal de Saneamento?;Política Municipal;Fundo Municipal de Saneamento Básico – existência;SMSBDG0612;IBGE/MUNIC;2017;Sobre se há Fundo Municipal de Saneamento. ;;;;;;;;;;;;;;;;;;;
Houve debates e audiências públicas nos últimos 12 meses para questões relacionadas ao saneamento?;Política Municipal;Debates e audiências públicas nos últimos 12 meses;SMSBDG06111;IBGE/MUNIC;2017;Sobre se houve debates e audiências públicas nos últimos 12 meses para questões relacionadas ao saneamento. ;;;;;;;;;;;;;;;;;;;
Houve consultas públicas nos últimos 12 meses para questões relacionadas ao saneamento?;Política Municipal;Consultas públicas nos últimos 12 meses;SMSBDG06112;IBGE/MUNIC;2017;Sobre se houve consultas públicas nos últimos 12 meses para questões relacionadas ao saneamento. ;;;;;;;;;;;;;;;;;;;
Houve Conferência das Cidades nos últimos 4 anos?;Política Municipal;Conferência das Cidades nos últimos 4 anos;SMSBDG06113;IBGE/MUNIC;2017;Sobre se houve Conferência das Cidades nos últimos 4 anos. ;;;;;;;;;;;;;;;;;;;
Não houve nenhum dos mecanismos relacionados à participação da comunidade quanto ao saneamento?;Política Municipal;Nenhum dos mecanismos relacionados;SMSBDG06114;IBGE/MUNIC;2017;Sobre se não houve nenhum dos mecanismos relacionados à participação da comunidade quanto ao saneamento.;;;;;;;;;;;;;;;;;;;
O município possui sistema de informações de caráter público sobre os serviços de saneamento?;Política Municipal;Sistema municipal de informações de caráter público sobre os serviços de saneamento – existência;SMSBDG0616;IBGE/MUNIC;2017;Sobre se o município possui ou não essas informações de caráter público do saneamento. ;;;;;;;;;;;;;;;;;;;
O município possui ouvidoria ou central de atendimento ao cidadão para recebimento de reclamações ou manifestações sobre os serviços de saneamento?;Política Municipal;Ouvidoria municipal ou central de atendimento ao cidadão para recebimento de reclamações ou manifestações sobre os serviços de saneamento – existência;SMSBDG0617;IBGE/MUNIC;2017;Sobre se o município possui ou nao ouvidoria ou canal de atendimento para reclamações acerca dos serviços de saneamento. ;;;;;;;;;;;;;;;;;;;
;;;;;;;;;;;;;;;;;;;;;;;;;
;;;;;;;;;;;;;;;;;;;;;;;;;
;;;;;;;;;;;;;;;;;;;;;;;;;
;;;;;;;;;;;;;;;;;;;;;;;;;
;;;;;;;;;;;;;;;;;;;;;;;;;
;;;;;;;;;;;;;;;;;;;;;;;;;
;;;;;;;;;;;;;;;;;;;;;;;;;
;;;;;;;;;;;;;;;;;;;;;;;;;
;;;;;;;;;;;;;;;;;;;;;;;;;
;;;;;;;;;;;;;;;;;;;;;;;;;
;;;;;;;;;;;;;;;;;;;;;;;;;
;;;;;;;;;;;;;;;;;;;;;;;;;
;;;;;;;;;;;;;;;;;;;;;;;;;
;;;;;;;;;;;;;;;;;;;;;;;;;
;;;;;;;;;;;;;;;;;;;;;;;;;
;;;;;;;;;;;;;;;;;;;;;;;;;
;;;;;;;;;;;;;;;;;;;;;;;;;
;;;;;;;;;;;;;;;;;;;;;;;;;
;;;;;;;;;;;;;;;;;;;;;;;;;
;;;;;;;;;;;;;;;;;;;;;;;;;
;;;;;;;;;;;;;;;;;;;;;;;;;
;;;;;;;;;;;;;;;;;;;;;;;;;
;;;;;;;;;;;;;;;;;;;;;;;;;
;;;;;;;;;;;;;;;;;;;;;;;;;
;;;;;;;;;;;;;;;;;;;;;;;;;
;;;;;;;;;;;;;;;;;;;;;;;;;
;;;;;;;;;;;;;;;;;;;;;;;;;
;;;;;;;;;;;;;;;;;;;;;;;;;
;;;;;;;;;;;;;;;;;;;;;;;;;
;;;;;;;;;;;;;;;;;;;;;;;;;
;;;;;;;;;;;;;;;;;;;;;;;;;
;;;;;;;;;;;;;;;;;;;;;;;;;
;;;;;;;;;;;;;;;;;;;;;;;;;
;;;;;;;;;;;;;;;;;;;;;;;;;
;;;;;;;;;;;;;;;;;;;;;;;;;
;;;;;;;;;;;;;;;;;;;;;;;;;
;;;;;;;;;;;;;;;;;;;;;;;;;
;;;;;;;;;;;;;;;;;;;;;;;;;
;;;;;;;;;;;;;;;;;;;;;;;;;
;;;;;;;;;;;;;;;;;;;;;;;;;
;;;;;;;;;;;;;;;;;;;;;;;;;
;;;;;;;;;;;;;;;;;;;;;;;;;
;;;;;;;;;;;;;;;;;;;;;;;;;
;;;;;;;;;;;;;;;;;;;;;;;;;
;;;;;;;;;;;;;;;;;;;;;;;;;
;;;;;;;;;;;;;;;;;;;;;;;;;
;;;;;;;;;;;;;;;;;;;;;;;;;
;;;;;;;;;;;;;;;;;;;;;;;;;
;;;;;;;;;;;;;;;;;;;;;;;;;
;;;;;;;;;;;;;;;;;;;;;;;;;
;;;;;;;;;;;;;;;;;;;;;;;;;
;;;;;;;;;;;;;;;;;;;;;;;;;
;;;;;;;;;;;;;;;;;;;;;;;;;
;;;;;;;;;;;;;;;;;;;;;;;;;
;;;;;;;;;;;;;;;;;;;;;;;;;
;;;;;;;;;;;;;;;;;;;;;;;;;
;;;;;;;;;;;;;;;;;;;;;;;;;
;;;;;;;;;;;;;;;;;;;;;;;;;
;;;;;;;;;;;;;;;;;;;;;;;;;
;;;;;;;;;;;;;;;;;;;;;;;;;
;;;;;;;;;;;;;;;;;;;;;;;;;
;;;;;;;;;;;;;;;;;;;;;;;;;
;;;;;;;;;;;;;;;;;;;;;;;;;
;;;;;;;;;;;;;;;;;;;;;;;;;
;;;;;;;;;;;;;;;;;;;;;;;;;
;;;;;;;;;;;;;;;;;;;;;;;;;
;;;;;;;;;;;;;;;;;;;;;;;;;
;;;;;;;;;;;;;;;;;;;;;;;;;
;;;;;;;;;;;;;;;;;;;;;;;;;
;;;;;;;;;;;;;;;;;;;;;;;;;
;;;;;;;;;;;;;;;;;;;;;;;;;
;;;;;;;;;;;;;;;;;;;;;;;;;
;;;;;;;;;;;;;;;;;;;;;;;;;
;;;;;;;;;;;;;;;;;;;;;;;;;
;;;;;;;;;;;;;;;;;;;;;;;;;
;;;;;;;;;;;;;;;;;;;;;;;;;
;;;;;;;;;;;;;;;;;;;;;;;;;
;;;;;;;;;;;;;;;;;;;;;;;;;
;;;;;;;;;;;;;;;;;;;;;;;;;
;;;;;;;;;;;;;;;;;;;;;;;;;
;;;;;;;;;;;;;;;;;;;;;;;;;
;;;;;;;;;;;;;;;;;;;;;;;;;
;;;;;;;;;;;;;;;;;;;;;;;;;
;;;;;;;;;;;;;;;;;;;;;;;;;
;;;;;;;;;;;;;;;;;;;;;;;;;
;;;;;;;;;;;;;;;;;;;;;;;;;
;;;;;;;;;;;;;;;;;;;;;;;;;
;;;;;;;;;;;;;;;;;;;;;;;;;
;;;;;;;;;;;;;;;;;;;;;;;;;
;;;;;;;;;;;;;;;;;;;;;;;;;
;;;;;;;;;;;;;;;;;;;;;;;;;
;;;;;;;;;;;;;;;;;;;;;;;;;
;;;;;;;;;;;;;;;;;;;;;;;;;
;;;;;;;;;;;;;;;;;;;;;;;;;
;;;;;;;;;;;;;;;;;;;;;;;;;
;;;;;;;;;;;;;;;;;;;;;;;;;
;;;;;;;;;;;;;;;;;;;;;;;;;
;;;;;;;;;;;;;;;;;;;;;;;;;
;;;;;;;;;;;;;;;;;;;;;;;;;
;;;;;;;;;;;;;;;;;;;;;;;;;
;;;;;;;;;;;;;;;;;;;;;;;;;
;;;;;;;;;;;;;;;;;;;;;;;;;
;;;;;;;;;;;;;;;;;;;;;;;;;
;;;;;;;;;;;;;;;;;;;;;;;;;
;;;;;;;;;;;;;;;;;;;;;;;;;
;;;;;;;;;;;;;;;;;;;;;;;;;
;;;;;;;;;;;;;;;;;;;;;;;;;
;;;;;;;;;;;;;;;;;;;;;;;;;
;;;;;;;;;;;;;;;;;;;;;;;;;
;;;;;;;;;;;;;;;;;;;;;;;;;
;;;;;;;;;;;;;;;;;;;;;;;;;
;;;;;;;;;;;;;;;;;;;;;;;;;
;;;;;;;;;;;;;;;;;;;;;;;;;
;;;;;;;;;;;;;;;;;;;;;;;;;
;;;;;;;;;;;;;;;;;;;;;;;;;
;;;;;;;;;;;;;;;;;;;;;;;;;
;;;;;;;;;;;;;;;;;;;;;;;;;
;;;;;;;;;;;;;;;;;;;;;;;;;
;;;;;;;;;;;;;;;;;;;;;;;;;
;;;;;;;;;;;;;;;;;;;;;;;;;
;;;;;;;;;;;;;;;;;;;;;;;;;
;;;;;;;;;;;;;;;;;;;;;;;;;
;;;;;;;;;;;;;;;;;;;;;;;;;
;;;;;;;;;;;;;;;;;;;;;;;;;
;;;;;;;;;;;;;;;;;;;;;;;;;
;;;;;;;;;;;;;;;;;;;;;;;;;
;;;;;;;;;;;;;;;;;;;;;;;;;
;;;;;;;;;;;;;;;;;;;;;;;;;
;;;;;;;;;;;;;;;;;;;;;;;;;
;;;;;;;;;;;;;;;;;;;;;;;;;
;;;;;;;;;;;;;;;;;;;;;;;;;
;;;;;;;;;;;;;;;;;;;;;;;;;
;;;;;;;;;;;;;;;;;;;;;;;;;
;;;;;;;;;;;;;;;;;;;;;;;;;
;;;;;;;;;;;;;;;;;;;;;;;;;
;;;;;;;;;;;;;;;;;;;;;;;;;
;;;;;;;;;;;;;;;;;;;;;;;;;
;;;;;;;;;;;;;;;;;;;;;;;;;
;;;;;;;;;;;;;;;;;;;;;;;;;
;;;;;;;;;;;;;;;;;;;;;;;;;
;;;;;;;;;;;;;;;;;;;;;;;;;
;;;;;;;;;;;;;;;;;;;;;;;;;
;;;;;;;;;;;;;;;;;;;;;;;;;
;;;;;;;;;;;;;;;;;;;;;;;;;
;;;;;;;;;;;;;;;;;;;;;;;;;
;;;;;;;;;;;;;;;;;;;;;;;;;
;;;;;;;;;;;;;;;;;;;;;;;;;
;;;;;;;;;;;;;;;;;;;;;;;;;
;;;;;;;;;;;;;;;;;;;;;;;;;
;;;;;;;;;;;;;;;;;;;;;;;;;
;;;;;;;;;;;;;;;;;;;;;;;;;
;;;;;;;;;;;;;;;;;;;;;;;;;
;;;;;;;;;;;;;;;;;;;;;;;;;
;;;;;;;;;;;;;;;;;;;;;;;;;
;;;;;;;;;;;;;;;;;;;;;;;;;
;;;;;;;;;;;;;;;;;;;;;;;;;
;;;;;;;;;;;;;;;;;;;;;;;;;
;;;;;;;;;;;;;;;;;;;;;;;;;
;;;;;;;;;;;;;;;;;;;;;;;;;
;;;;;;;;;;;;;;;;;;;;;;;;;
;;;;;;;;;;;;;;;;;;;;;;;;;
;;;;;;;;;;;;;;;;;;;;;;;;;
;;;;;;;;;;;;;;;;;;;;;;;;;
;;;;;;;;;;;;;;;;;;;;;;;;;
;;;;;;;;;;;;;;;;;;;;;;;;;
;;;;;;;;;;;;;;;;;;;;;;;;;
;;;;;;;;;;;;;;;;;;;;;;;;;
;;;;;;;;;;;;;;;;;;;;;;;;;
;;;;;;;;;;;;;;;;;;;;;;;;;
;;;;;;;;;;;;;;;;;;;;;;;;;
;;;;;;;;;;;;;;;;;;;;;;;;;
;;;;;;;;;;;;;;;;;;;;;;;;;
;;;;;;;;;;;;;;;;;;;;;;;;;
;;;;;;;;;;;;;;;;;;;;;;;;;
;;;;;;;;;;;;;;;;;;;;;;;;;
;;;;;;;;;;;;;;;;;;;;;;;;;
;;;;;;;;;;;;;;;;;;;;;;;;;
;;;;;;;;;;;;;;;;;;;;;;;;;
;;;;;;;;;;;;;;;;;;;;;;;;;
;;;;;;;;;;;;;;;;;;;;;;;;;
;;;;;;;;;;;;;;;;;;;;;;;;;
;;;;;;;;;;;;;;;;;;;;;;;;;
;;;;;;;;;;;;;;;;;;;;;;;;;
;;;;;;;;;;;;;;;;;;;;;;;;;
;;;;;;;;;;;;;;;;;;;;;;;;;
;;;;;;;;;;;;;;;;;;;;;;;;;
;;;;;;;;;;;;;;;;;;;;;;;;;
;;;;;;;;;;;;;;;;;;;;;;;;;
;;;;;;;;;;;;;;;;;;;;;;;;;
;;;;;;;;;;;;;;;;;;;;;;;;;
;;;;;;;;;;;;;;;;;;;;;;;;;
;;;;;;;;;;;;;;;;;;;;;;;;;
;;;;;;;;;;;;;;;;;;;;;;;;;
;;;;;;;;;;;;;;;;;;;;;;;;;
;;;;;;;;;;;;;;;;;;;;;;;;;
;;;;;;;;;;;;;;;;;;;;;;;;;
;;;;;;;;;;;;;;;;;;;;;;;;;
;;;;;;;;;;;;;;;;;;;;;;;;;
;;;;;;;;;;;;;;;;;;;;;;;;;
;;;;;;;;;;;;;;;;;;;;;;;;;
;;;;;;;;;;;;;;;;;;;;;;;;;
;;;;;;;;;;;;;;;;;;;;;;;;;
;;;;;;;;;;;;;;;;;;;;;;;;;
;;;;;;;;;;;;;;;;;;;;;;;;;
;;;;;;;;;;;;;;;;;;;;;;;;;
;;;;;;;;;;;;;;;;;;;;;;;;;
;;;;;;;;;;;;;;;;;;;;;;;;;
;;;;;;;;;;;;;;;;;;;;;;;;;
;;;;;;;;;;;;;;;;;;;;;;;;;
;;;;;;;;;;;;;;;;;;;;;;;;;
;;;;;;;;;;;;;;;;;;;;;;;;;
;;;;;;;;;;;;;;;;;;;;;;;;;
;;;;;;;;;;;;;;;;;;;;;;;;;
;;;;;;;;;;;;;;;;;;;;;;;;;
;;;;;;;;;;;;;;;;;;;;;;;;;
;;;;;;;;;;;;;;;;;;;;;;;;;
;;;;;;;;;;;;;;;;;;;;;;;;;
;;;;;;;;;;;;;;;;;;;;;;;;;
;;;;;;;;;;;;;;;;;;;;;;;;;
;;;;;;;;;;;;;;;;;;;;;;;;;
;;;;;;;;;;;;;;;;;;;;;;;;;
;;;;;;;;;;;;;;;;;;;;;;;;;
;;;;;;;;;;;;;;;;;;;;;;;;;
;;;;;;;;;;;;;;;;;;;;;;;;;
;;;;;;;;;;;;;;;;;;;;;;;;;
;;;;;;;;;;;;;;;;;;;;;;;;;
;;;;;;;;;;;;;;;;;;;;;;;;;
;;;;;;;;;;;;;;;;;;;;;;;;;
;;;;;;;;;;;;;;;;;;;;;;;;;
;;;;;;;;;;;;;;;;;;;;;;;;;
;;;;;;;;;;;;;;;;;;;;;;;;;
;;;;;;;;;;;;;;;;;;;;;;;;;
;;;;;;;;;;;;;;;;;;;;;;;;;
;;;;;;;;;;;;;;;;;;;;;;;;;
;;;;;;;;;;;;;;;;;;;;;;;;;
;;;;;;;;;;;;;;;;;;;;;;;;;
;;;;;;;;;;;;;;;;;;;;;;;;;
;;;;;;;;;;;;;;;;;;;;;;;;;
;;;;;;;;;;;;;;;;;;;;;;;;;
;;;;;;;;;;;;;;;;;;;;;;;;;
;;;;;;;;;;;;;;;;;;;;;;;;;
;;;;;;;;;;;;;;;;;;;;;;;;;
;;;;;;;;;;;;;;;;;;;;;;;;;
;;;;;;;;;;;;;;;;;;;;;;;;;
;;;;;;;;;;;;;;;;;;;;;;;;;
;;;;;;;;;;;;;;;;;;;;;;;;;
;;;;;;;;;;;;;;;;;;;;;;;;;
;;;;;;;;;;;;;;;;;;;;;;;;;
;;;;;;;;;;;;;;;;;;;;;;;;;
;;;;;;;;;;;;;;;;;;;;;;;;;
;;;;;;;;;;;;;;;;;;;;;;;;;
;;;;;;;;;;;;;;;;;;;;;;;;;
;;;;;;;;;;;;;;;;;;;;;;;;;
;;;;;;;;;;;;;;;;;;;;;;;;;
;;;;;;;;;;;;;;;;;;;;;;;;;
;;;;;;;;;;;;;;;;;;;;;;;;;
;;;;;;;;;;;;;;;;;;;;;;;;;
;;;;;;;;;;;;;;;;;;;;;;;;;
;;;;;;;;;;;;;;;;;;;;;;;;;
;;;;;;;;;;;;;;;;;;;;;;;;;
;;;;;;;;;;;;;;;;;;;;;;;;;
;;;;;;;;;;;;;;;;;;;;;;;;;
;;;;;;;;;;;;;;;;;;;;;;;;;
;;;;;;;;;;;;;;;;;;;;;;;;;
;;;;;;;;;;;;;;;;;;;;;;;;;
;;;;;;;;;;;;;;;;;;;;;;;;;
;;;;;;;;;;;;;;;;;;;;;;;;;
;;;;;;;;;;;;;;;;;;;;;;;;;
;;;;;;;;;;;;;;;;;;;;;;;;;
;;;;;;;;;;;;;;;;;;;;;;;;;
;;;;;;;;;;;;;;;;;;;;;;;;;
;;;;;;;;;;;;;;;;;;;;;;;;;
;;;;;;;;;;;;;;;;;;;;;;;;;
;;;;;;;;;;;;;;;;;;;;;;;;;
;;;;;;;;;;;;;;;;;;;;;;;;;
;;;;;;;;;;;;;;;;;;;;;;;;;
;;;;;;;;;;;;;;;;;;;;;;;;;
;;;;;;;;;;;;;;;;;;;;;;;;;
;;;;;;;;;;;;;;;;;;;;;;;;;
;;;;;;;;;;;;;;;;;;;;;;;;;
;;;;;;;;;;;;;;;;;;;;;;;;;
;;;;;;;;;;;;;;;;;;;;;;;;;
;;;;;;;;;;;;;;;;;;;;;;;;;
;;;;;;;;;;;;;;;;;;;;;;;;;
;;;;;;;;;;;;;;;;;;;;;;;;;
;;;;;;;;;;;;;;;;;;;;;;;;;
;;;;;;;;;;;;;;;;;;;;;;;;;
;;;;;;;;;;;;;;;;;;;;;;;;;
;;;;;;;;;;;;;;;;;;;;;;;;;
;;;;;;;;;;;;;;;;;;;;;;;;;
;;;;;;;;;;;;;;;;;;;;;;;;;
;;;;;;;;;;;;;;;;;;;;;;;;;
;;;;;;;;;;;;;;;;;;;;;;;;;
;;;;;;;;;;;;;;;;;;;;;;;;;
;;;;;;;;;;;;;;;;;;;;;;;;;
;;;;;;;;;;;;;;;;;;;;;;;;;
;;;;;;;;;;;;;;;;;;;;;;;;;
;;;;;;;;;;;;;;;;;;;;;;;;;
;;;;;;;;;;;;;;;;;;;;;;;;;
;;;;;;;;;;;;;;;;;;;;;;;;;
;;;;;;;;;;;;;;;;;;;;;;;;;
;;;;;;;;;;;;;;;;;;;;;;;;;
;;;;;;;;;;;;;;;;;;;;;;;;;
;;;;;;;;;;;;;;;;;;;;;;;;;
;;;;;;;;;;;;;;;;;;;;;;;;;
;;;;;;;;;;;;;;;;;;;;;;;;;
;;;;;;;;;;;;;;;;;;;;;;;;;
;;;;;;;;;;;;;;;;;;;;;;;;;
;;;;;;;;;;;;;;;;;;;;;;;;;
;;;;;;;;;;;;;;;;;;;;;;;;;
;;;;;;;;;;;;;;;;;;;;;;;;;
;;;;;;;;;;;;;;;;;;;;;;;;;
;;;;;;;;;;;;;;;;;;;;;;;;;
;;;;;;;;;;;;;;;;;;;;;;;;;
;;;;;;;;;;;;;;;;;;;;;;;;;
;;;;;;;;;;;;;;;;;;;;;;;;;
;;;;;;;;;;;;;;;;;;;;;;;;;
;;;;;;;;;;;;;;;;;;;;;;;;;
;;;;;;;;;;;;;;;;;;;;;;;;;
;;;;;;;;;;;;;;;;;;;;;;;;;
;;;;;;;;;;;;;;;;;;;;;;;;;
;;;;;;;;;;;;;;;;;;;;;;;;;
;;;;;;;;;;;;;;;;;;;;;;;;;
;;;;;;;;;;;;;;;;;;;;;;;;;
;;;;;;;;;;;;;;;;;;;;;;;;;
;;;;;;;;;;;;;;;;;;;;;;;;;
;;;;;;;;;;;;;;;;;;;;;;;;;
;;;;;;;;;;;;;;;;;;;;;;;;;
;;;;;;;;;;;;;;;;;;;;;;;;;
;;;;;;;;;;;;;;;;;;;;;;;;;
;;;;;;;;;;;;;;;;;;;;;;;;;
;;;;;;;;;;;;;;;;;;;;;;;;;
;;;;;;;;;;;;;;;;;;;;;;;;;
;;;;;;;;;;;;;;;;;;;;;;;;;
;;;;;;;;;;;;;;;;;;;;;;;;;
;;;;;;;;;;;;;;;;;;;;;;;;;
;;;;;;;;;;;;;;;;;;;;;;;;;
;;;;;;;;;;;;;;;;;;;;;;;;;
;;;;;;;;;;;;;;;;;;;;;;;;;
;;;;;;;;;;;;;;;;;;;;;;;;;
;;;;;;;;;;;;;;;;;;;;;;;;;
;;;;;;;;;;;;;;;;;;;;;;;;;
;;;;;;;;;;;;;;;;;;;;;;;;;
;;;;;;;;;;;;;;;;;;;;;;;;;
;;;;;;;;;;;;;;;;;;;;;;;;;
;;;;;;;;;;;;;;;;;;;;;;;;;
;;;;;;;;;;;;;;;;;;;;;;;;;
;;;;;;;;;;;;;;;;;;;;;;;;;
;;;;;;;;;;;;;;;;;;;;;;;;;
;;;;;;;;;;;;;;;;;;;;;;;;;
;;;;;;;;;;;;;;;;;;;;;;;;;
;;;;;;;;;;;;;;;;;;;;;;;;;
;;;;;;;;;;;;;;;;;;;;;;;;;
;;;;;;;;;;;;;;;;;;;;;;;;;
;;;;;;;;;;;;;;;;;;;;;;;;;
;;;;;;;;;;;;;;;;;;;;;;;;;
;;;;;;;;;;;;;;;;;;;;;;;;;
;;;;;;;;;;;;;;;;;;;;;;;;;
;;;;;;;;;;;;;;;;;;;;;;;;;
;;;;;;;;;;;;;;;;;;;;;;;;;
;;;;;;;;;;;;;;;;;;;;;;;;;
;;;;;;;;;;;;;;;;;;;;;;;;;
;;;;;;;;;;;;;;;;;;;;;;;;;
;;;;;;;;;;;;;;;;;;;;;;;;;
;;;;;;;;;;;;;;;;;;;;;;;;;
;;;;;;;;;;;;;;;;;;;;;;;;;
;;;;;;;;;;;;;;;;;;;;;;;;;
;;;;;;;;;;;;;;;;;;;;;;;;;
;;;;;;;;;;;;;;;;;;;;;;;;;
;;;;;;;;;;;;;;;;;;;;;;;;;
;;;;;;;;;;;;;;;;;;;;;;;;;
;;;;;;;;;;;;;;;;;;;;;;;;;
;;;;;;;;;;;;;;;;;;;;;;;;;
;;;;;;;;;;;;;;;;;;;;;;;;;
;;;;;;;;;;;;;;;;;;;;;;;;;
;;;;;;;;;;;;;;;;;;;;;;;;;
;;;;;;;;;;;;;;;;;;;;;;;;;
;;;;;;;;;;;;;;;;;;;;;;;;;
;;;;;;;;;;;;;;;;;;;;;;;;;
;;;;;;;;;;;;;;;;;;;;;;;;;
;;;;;;;;;;;;;;;;;;;;;;;;;
;;;;;;;;;;;;;;;;;;;;;;;;;
;;;;;;;;;;;;;;;;;;;;;;;;;
;;;;;;;;;;;;;;;;;;;;;;;;;
;;;;;;;;;;;;;;;;;;;;;;;;;
;;;;;;;;;;;;;;;;;;;;;;;;;
;;;;;;;;;;;;;;;;;;;;;;;;;
;;;;;;;;;;;;;;;;;;;;;;;;;
;;;;;;;;;;;;;;;;;;;;;;;;;
;;;;;;;;;;;;;;;;;;;;;;;;;
;;;;;;;;;;;;;;;;;;;;;;;;;
;;;;;;;;;;;;;;;;;;;;;;;;;
;;;;;;;;;;;;;;;;;;;;;;;;;
;;;;;;;;;;;;;;;;;;;;;;;;;
;;;;;;;;;;;;;;;;;;;;;;;;;
;;;;;;;;;;;;;;;;;;;;;;;;;
;;;;;;;;;;;;;;;;;;;;;;;;;
;;;;;;;;;;;;;;;;;;;;;;;;;
;;;;;;;;;;;;;;;;;;;;;;;;;
;;;;;;;;;;;;;;;;;;;;;;;;;
;;;;;;;;;;;;;;;;;;;;;;;;;
;;;;;;;;;;;;;;;;;;;;;;;;;
;;;;;;;;;;;;;;;;;;;;;;;;;
;;;;;;;;;;;;;;;;;;;;;;;;;
;;;;;;;;;;;;;;;;;;;;;;;;;
;;;;;;;;;;;;;;;;;;;;;;;;;
;;;;;;;;;;;;;;;;;;;;;;;;;
;;;;;;;;;;;;;;;;;;;;;;;;;
;;;;;;;;;;;;;;;;;;;;;;;;;
;;;;;;;;;;;;;;;;;;;;;;;;;
;;;;;;;;;;;;;;;;;;;;;;;;;
;;;;;;;;;;;;;;;;;;;;;;;;;
;;;;;;;;;;;;;;;;;;;;;;;;;
;;;;;;;;;;;;;;;;;;;;;;;;;
;;;;;;;;;;;;;;;;;;;;;;;;;
;;;;;;;;;;;;;;;;;;;;;;;;;
;;;;;;;;;;;;;;;;;;;;;;;;;
;;;;;;;;;;;;;;;;;;;;;;;;;
;;;;;;;;;;;;;;;;;;;;;;;;;
;;;;;;;;;;;;;;;;;;;;;;;;;
;;;;;;;;;;;;;;;;;;;;;;;;;
;;;;;;;;;;;;;;;;;;;;;;;;;
;;;;;;;;;;;;;;;;;;;;;;;;;
;;;;;;;;;;;;;;;;;;;;;;;;;
;;;;;;;;;;;;;;;;;;;;;;;;;
;;;;;;;;;;;;;;;;;;;;;;;;;
;;;;;;;;;;;;;;;;;;;;;;;;;
;;;;;;;;;;;;;;;;;;;;;;;;;
;;;;;;;;;;;;;;;;;;;;;;;;;
;;;;;;;;;;;;;;;;;;;;;;;;;
;;;;;;;;;;;;;;;;;;;;;;;;;
;;;;;;;;;;;;;;;;;;;;;;;;;
;;;;;;;;;;;;;;;;;;;;;;;;;
;;;;;;;;;;;;;;;;;;;;;;;;;
;;;;;;;;;;;;;;;;;;;;;;;;;
;;;;;;;;;;;;;;;;;;;;;;;;;
;;;;;;;;;;;;;;;;;;;;;;;;;
;;;;;;;;;;;;;;;;;;;;;;;;;
;;;;;;;;;;;;;;;;;;;;;;;;;
;;;;;;;;;;;;;;;;;;;;;;;;;
;;;;;;;;;;;;;;;;;;;;;;;;;
;;;;;;;;;;;;;;;;;;;;;;;;;
;;;;;;;;;;;;;;;;;;;;;;;;;
;;;;;;;;;;;;;;;;;;;;;;;;;
;;;;;;;;;;;;;;;;;;;;;;;;;
;;;;;;;;;;;;;;;;;;;;;;;;;
;;;;;;;;;;;;;;;;;;;;;;;;;
;;;;;;;;;;;;;;;;;;;;;;;;;
;;;;;;;;;;;;;;;;;;;;;;;;;
;;;;;;;;;;;;;;;;;;;;;;;;;
;;;;;;;;;;;;;;;;;;;;;;;;;
;;;;;;;;;;;;;;;;;;;;;;;;;
;;;;;;;;;;;;;;;;;;;;;;;;;
;;;;;;;;;;;;;;;;;;;;;;;;;
;;;;;;;;;;;;;;;;;;;;;;;;;
;;;;;;;;;;;;;;;;;;;;;;;;;
;;;;;;;;;;;;;;;;;;;;;;;;;
;;;;;;;;;;;;;;;;;;;;;;;;;
;;;;;;;;;;;;;;;;;;;;;;;;;
;;;;;;;;;;;;;;;;;;;;;;;;;
;;;;;;;;;;;;;;;;;;;;;;;;;
;;;;;;;;;;;;;;;;;;;;;;;;;
;;;;;;;;;;;;;;;;;;;;;;;;;
;;;;;;;;;;;;;;;;;;;;;;;;;
;;;;;;;;;;;;;;;;;;;;;;;;;
;;;;;;;;;;;;;;;;;;;;;;;;;
;;;;;;;;;;;;;;;;;;;;;;;;;
;;;;;;;;;;;;;;;;;;;;;;;;;
;;;;;;;;;;;;;;;;;;;;;;;;;
;;;;;;;;;;;;;;;;;;;;;;;;;
;;;;;;;;;;;;;;;;;;;;;;;;;
;;;;;;;;;;;;;;;;;;;;;;;;;
;;;;;;;;;;;;;;;;;;;;;;;;;
;;;;;;;;;;;;;;;;;;;;;;;;;
;;;;;;;;;;;;;;;;;;;;;;;;;
;;;;;;;;;;;;;;;;;;;;;;;;;
;;;;;;;;;;;;;;;;;;;;;;;;;
;;;;;;;;;;;;;;;;;;;;;;;;;
;;;;;;;;;;;;;;;;;;;;;;;;;
;;;;;;;;;;;;;;;;;;;;;;;;;
;;;;;;;;;;;;;;;;;;;;;;;;;
;;;;;;;;;;;;;;;;;;;;;;;;;
;;;;;;;;;;;;;;;;;;;;;;;;;
;;;;;;;;;;;;;;;;;;;;;;;;;
;;;;;;;;;;;;;;;;;;;;;;;;;
;;;;;;;;;;;;;;;;;;;;;;;;;
;;;;;;;;;;;;;;;;;;;;;;;;;
;;;;;;;;;;;;;;;;;;;;;;;;;
;;;;;;;;;;;;;;;;;;;;;;;;;
;;;;;;;;;;;;;;;;;;;;;;;;;
;;;;;;;;;;;;;;;;;;;;;;;;;
;;;;;;;;;;;;;;;;;;;;;;;;;
;;;;;;;;;;;;;;;;;;;;;;;;;
;;;;;;;;;;;;;;;;;;;;;;;;;
;;;;;;;;;;;;;;;;;;;;;;;;;
;;;;;;;;;;;;;;;;;;;;;;;;;
;;;;;;;;;;;;;;;;;;;;;;;;;
;;;;;;;;;;;;;;;;;;;;;;;;;
;;;;;;;;;;;;;;;;;;;;;;;;;
;;;;;;;;;;;;;;;;;;;;;;;;;
;;;;;;;;;;;;;;;;;;;;;;;;;
;;;;;;;;;;;;;;;;;;;;;;;;;
;;;;;;;;;;;;;;;;;;;;;;;;;
;;;;;;;;;;;;;;;;;;;;;;;;;
;;;;;;;;;;;;;;;;;;;;;;;;;
;;;;;;;;;;;;;;;;;;;;;;;;;
;;;;;;;;;;;;;;;;;;;;;;;;;
;;;;;;;;;;;;;;;;;;;;;;;;;
;;;;;;;;;;;;;;;;;;;;;;;;;
;;;;;;;;;;;;;;;;;;;;;;;;;
;;;;;;;;;;;;;;;;;;;;;;;;;
;;;;;;;;;;;;;;;;;;;;;;;;;
;;;;;;;;;;;;;;;;;;;;;;;;;
;;;;;;;;;;;;;;;;;;;;;;;;;
;;;;;;;;;;;;;;;;;;;;;;;;;
;;;;;;;;;;;;;;;;;;;;;;;;;
;;;;;;;;;;;;;;;;;;;;;;;;;
;;;;;;;;;;;;;;;;;;;;;;;;;
;;;;;;;;;;;;;;;;;;;;;;;;;
;;;;;;;;;;;;;;;;;;;;;;;;;
;;;;;;;;;;;;;;;;;;;;;;;;;
;;;;;;;;;;;;;;;;;;;;;;;;;
;;;;;;;;;;;;;;;;;;;;;;;;;
;;;;;;;;;;;;;;;;;;;;;;;;;
;;;;;;;;;;;;;;;;;;;;;;;;;
;;;;;;;;;;;;;;;;;;;;;;;;;
;;;;;;;;;;;;;;;;;;;;;;;;;
;;;;;;;;;;;;;;;;;;;;;;;;;
;;;;;;;;;;;;;;;;;;;;;;;;;
;;;;;;;;;;;;;;;;;;;;;;;;;
;;;;;;;;;;;;;;;;;;;;;;;;;
;;;;;;;;;;;;;;;;;;;;;;;;;
;;;;;;;;;;;;;;;;;;;;;;;;;
;;;;;;;;;;;;;;;;;;;;;;;;;
;;;;;;;;;;;;;;;;;;;;;;;;;
;;;;;;;;;;;;;;;;;;;;;;;;;
;;;;;;;;;;;;;;;;;;;;;;;;;
;;;;;;;;;;;;;;;;;;;;;;;;;
;;;;;;;;;;;;;;;;;;;;;;;;;
;;;;;;;;;;;;;;;;;;;;;;;;;
;;;;;;;;;;;;;;;;;;;;;;;;;
;;;;;;;;;;;;;;;;;;;;;;;;;
;;;;;;;;;;;;;;;;;;;;;;;;;
;;;;;;;;;;;;;;;;;;;;;;;;;
;;;;;;;;;;;;;;;;;;;;;;;;;
;;;;;;;;;;;;;;;;;;;;;;;;;
;;;;;;;;;;;;;;;;;;;;;;;;;
;;;;;;;;;;;;;;;;;;;;;;;;;
;;;;;;;;;;;;;;;;;;;;;;;;;
;;;;;;;;;;;;;;;;;;;;;;;;;
;;;;;;;;;;;;;;;;;;;;;;;;;
;;;;;;;;;;;;;;;;;;;;;;;;;
;;;;;;;;;;;;;;;;;;;;;;;;;
;;;;;;;;;;;;;;;;;;;;;;;;;
;;;;;;;;;;;;;;;;;;;;;;;;;
;;;;;;;;;;;;;;;;;;;;;;;;;
;;;;;;;;;;;;;;;;;;;;;;;;;
;;;;;;;;;;;;;;;;;;;;;;;;;
;;;;;;;;;;;;;;;;;;;;;;;;;
;;;;;;;;;;;;;;;;;;;;;;;;;
;;;;;;;;;;;;;;;;;;;;;;;;;
;;;;;;;;;;;;;;;;;;;;;;;;;
;;;;;;;;;;;;;;;;;;;;;;;;;
;;;;;;;;;;;;;;;;;;;;;;;;;
;;;;;;;;;;;;;;;;;;;;;;;;;
;;;;;;;;;;;;;;;;;;;;;;;;;
;;;;;;;;;;;;;;;;;;;;;;;;;
;;;;;;;;;;;;;;;;;;;;;;;;;
;;;;;;;;;;;;;;;;;;;;;;;;;
;;;;;;;;;;;;;;;;;;;;;;;;;
;;;;;;;;;;;;;;;;;;;;;;;;;
;;;;;;;;;;;;;;;;;;;;;;;;;
;;;;;;;;;;;;;;;;;;;;;;;;;
;;;;;;;;;;;;;;;;;;;;;;;;;
;;;;;;;;;;;;;;;;;;;;;;;;;
;;;;;;;;;;;;;;;;;;;;;;;;;
;;;;;;;;;;;;;;;;;;;;;;;;;
;;;;;;;;;;;;;;;;;;;;;;;;;
;;;;;;;;;;;;;;;;;;;;;;;;;
;;;;;;;;;;;;;;;;;;;;;;;;;
;;;;;;;;;;;;;;;;;;;;;;;;;
;;;;;;;;;;;;;;;;;;;;;;;;;
;;;;;;;;;;;;;;;;;;;;;;;;;
;;;;;;;;;;;;;;;;;;;;;;;;;
;;;;;;;;;;;;;;;;;;;;;;;;;
;;;;;;;;;;;;;;;;;;;;;;;;;
;;;;;;;;;;;;;;;;;;;;;;;;;
;;;;;;;;;;;;;;;;;;;;;;;;;
;;;;;;;;;;;;;;;;;;;;;;;;;
;;;;;;;;;;;;;;;;;;;;;;;;;
;;;;;;;;;;;;;;;;;;;;;;;;;
;;;;;;;;;;;;;;;;;;;;;;;;;
;;;;;;;;;;;;;;;;;;;;;;;;;
;;;;;;;;;;;;;;;;;;;;;;;;;
;;;;;;;;;;;;;;;;;;;;;;;;;
;;;;;;;;;;;;;;;;;;;;;;;;;
;;;;;;;;;;;;;;;;;;;;;;;;;
;;;;;;;;;;;;;;;;;;;;;;;;;
;;;;;;;;;;;;;;;;;;;;;;;;;
;;;;;;;;;;;;;;;;;;;;;;;;;
;;;;;;;;;;;;;;;;;;;;;;;;;
;;;;;;;;;;;;;;;;;;;;;;;;;
;;;;;;;;;;;;;;;;;;;;;;;;;
;;;;;;;;;;;;;;;;;;;;;;;;;
;;;;;;;;;;;;;;;;;;;;;;;;;
;;;;;;;;;;;;;;;;;;;;;;;;;
;;;;;;;;;;;;;;;;;;;;;;;;;
;;;;;;;;;;;;;;;;;;;;;;;;;
;;;;;;;;;;;;;;;;;;;;;;;;;
;;;;;;;;;;;;;;;;;;;;;;;;;
;;;;;;;;;;;;;;;;;;;;;;;;;
;;;;;;;;;;;;;;;;;;;;;;;;;
;;;;;;;;;;;;;;;;;;;;;;;;;
;;;;;;;;;;;;;;;;;;;;;;;;;
;;;;;;;;;;;;;;;;;;;;;;;;;
;;;;;;;;;;;;;;;;;;;;;;;;;
;;;;;;;;;;;;;;;;;;;;;;;;;
;;;;;;;;;;;;;;;;;;;;;;;;;
;;;;;;;;;;;;;;;;;;;;;;;;;
;;;;;;;;;;;;;;;;;;;;;;;;;
;;;;;;;;;;;;;;;;;;;;;;;;;
;;;;;;;;;;;;;;;;;;;;;;;;;
;;;;;;;;;;;;;;;;;;;;;;;;;
;;;;;;;;;;;;;;;;;;;;;;;;;
;;;;;;;;;;;;;;;;;;;;;;;;;
;;;;;;;;;;;;;;;;;;;;;;;;;
;;;;;;;;;;;;;;;;;;;;;;;;;
;;;;;;;;;;;;;;;;;;;;;;;;;
;;;;;;;;;;;;;;;;;;;;;;;;;
;;;;;;;;;;;;;;;;;;;;;;;;;
;;;;;;;;;;;;;;;;;;;;;;;;;
;;;;;;;;;;;;;;;;;;;;;;;;;
;;;;;;;;;;;;;;;;;;;;;;;;;
;;;;;;;;;;;;;;;;;;;;;;;;;
;;;;;;;;;;;;;;;;;;;;;;;;;
;;;;;;;;;;;;;;;;;;;;;;;;;
;;;;;;;;;;;;;;;;;;;;;;;;;
;;;;;;;;;;;;;;;;;;;;;;;;;
;;;;;;;;;;;;;;;;;;;;;;;;;
;;;;;;;;;;;;;;;;;;;;;;;;;
;;;;;;;;;;;;;;;;;;;;;;;;;
;;;;;;;;;;;;;;;;;;;;;;;;;
;;;;;;;;;;;;;;;;;;;;;;;;;
;;;;;;;;;;;;;;;;;;;;;;;;;
;;;;;;;;;;;;;;;;;;;;;;;;;
;;;;;;;;;;;;;;;;;;;;;;;;;
;;;;;;;;;;;;;;;;;;;;;;;;;
;;;;;;;;;;;;;;;;;;;;;;;;;
;;;;;;;;;;;;;;;;;;;;;;;;;
;;;;;;;;;;;;;;;;;;;;;;;;;
;;;;;;;;;;;;;;;;;;;;;;;;;
;;;;;;;;;;;;;;;;;;;;;;;;;
;;;;;;;;;;;;;;;;;;;;;;;;;
;;;;;;;;;;;;;;;;;;;;;;;;;
;;;;;;;;;;;;;;;;;;;;;;;;;
;;;;;;;;;;;;;;;;;;;;;;;;;
;;;;;;;;;;;;;;;;;;;;;;;;;
;;;;;;;;;;;;;;;;;;;;;;;;;
;;;;;;;;;;;;;;;;;;;;;;;;;
;;;;;;;;;;;;;;;;;;;;;;;;;
;;;;;;;;;;;;;;;;;;;;;;;;;
;;;;;;;;;;;;;;;;;;;;;;;;;
;;;;;;;;;;;;;;;;;;;;;;;;;
;;;;;;;;;;;;;;;;;;;;;;;;;
;;;;;;;;;;;;;;;;;;;;;;;;;
;;;;;;;;;;;;;;;;;;;;;;;;;
;;;;;;;;;;;;;;;;;;;;;;;;;
;;;;;;;;;;;;;;;;;;;;;;;;;
;;;;;;;;;;;;;;;;;;;;;;;;;
;;;;;;;;;;;;;;;;;;;;;;;;;
;;;;;;;;;;;;;;;;;;;;;;;;;
;;;;;;;;;;;;;;;;;;;;;;;;;
;;;;;;;;;;;;;;;;;;;;;;;;;
;;;;;;;;;;;;;;;;;;;;;;;;;
;;;;;;;;;;;;;;;;;;;;;;;;;
;;;;;;;;;;;;;;;;;;;;;;;;;
;;;;;;;;;;;;;;;;;;;;;;;;;
;;;;;;;;;;;;;;;;;;;;;;;;;
;;;;;;;;;;;;;;;;;;;;;;;;;
;;;;;;;;;;;;;;;;;;;;;;;;;
;;;;;;;;;;;;;;;;;;;;;;;;;
;;;;;;;;;;;;;;;;;;;;;;;;;
;;;;;;;;;;;;;;;;;;;;;;;;;
;;;;;;;;;;;;;;;;;;;;;;;;;
;;;;;;;;;;;;;;;;;;;;;;;;;
;;;;;;;;;;;;;;;;;;;;;;;;;
;;;;;;;;;;;;;;;;;;;;;;;;;
;;;;;;;;;;;;;;;;;;;;;;;;;
;;;;;;;;;;;;;;;;;;;;;;;;;
;;;;;;;;;;;;;;;;;;;;;;;;;
;;;;;;;;;;;;;;;;;;;;;;;;;
;;;;;;;;;;;;;;;;;;;;;;;;;
;;;;;;;;;;;;;;;;;;;;;;;;;
;;;;;;;;;;;;;;;;;;;;;;;;;
;;;;;;;;;;;;;;;;;;;;;;;;;
;;;;;;;;;;;;;;;;;;;;;;;;;
;;;;;;;;;;;;;;;;;;;;;;;;;
;;;;;;;;;;;;;;;;;;;;;;;;;
;;;;;;;;;;;;;;;;;;;;;;;;;
;;;;;;;;;;;;;;;;;;;;;;;;;
;;;;;;;;;;;;;;;;;;;;;;;;;
;;;;;;;;;;;;;;;;;;;;;;;;;
;;;;;;;;;;;;;;;;;;;;;;;;;
;;;;;;;;;;;;;;;;;;;;;;;;;
;;;;;;;;;;;;;;;;;;;;;;;;;
;;;;;;;;;;;;;;;;;;;;;;;;;
;;;;;;;;;;;;;;;;;;;;;;;;;
;;;;;;;;;;;;;;;;;;;;;;;;;
;;;;;;;;;;;;;;;;;;;;;;;;;
;;;;;;;;;;;;;;;;;;;;;;;;;
;;;;;;;;;;;;;;;;;;;;;;;;;
;;;;;;;;;;;;;;;;;;;;;;;;;
;;;;;;;;;;;;;;;;;;;;;;;;;
;;;;;;;;;;;;;;;;;;;;;;;;;
;;;;;;;;;;;;;;;;;;;;;;;;;
;;;;;;;;;;;;;;;;;;;;;;;;;
;;;;;;;;;;;;;;;;;;;;;;;;;
;;;;;;;;;;;;;;;;;;;;;;;;;
;;;;;;;;;;;;;;;;;;;;;;;;;
;;;;;;;;;;;;;;;;;;;;;;;;;
;;;;;;;;;;;;;;;;;;;;;;;;;
;;;;;;;;;;;;;;;;;;;;;;;;;
;;;;;;;;;;;;;;;;;;;;;;;;;
;;;;;;;;;;;;;;;;;;;;;;;;;
;;;;;;;;;;;;;;;;;;;;;;;;;
;;;;;;;;;;;;;;;;;;;;;;;;;
;;;;;;;;;;;;;;;;;;;;;;;;;
;;;;;;;;;;;;;;;;;;;;;;;;;
;;;;;;;;;;;;;;;;;;;;;;;;;
;;;;;;;;;;;;;;;;;;;;;;;;;
;;;;;;;;;;;;;;;;;;;;;;;;;
;;;;;;;;;;;;;;;;;;;;;;;;;
;;;;;;;;;;;;;;;;;;;;;;;;;
;;;;;;;;;;;;;;;;;;;;;;;;;
;;;;;;;;;;;;;;;;;;;;;;;;;
;;;;;;;;;;;;;;;;;;;;;;;;;
;;;;;;;;;;;;;;;;;;;;;;;;;
;;;;;;;;;;;;;;;;;;;;;;;;;
;;;;;;;;;;;;;;;;;;;;;;;;;
;;;;;;;;;;;;;;;;;;;;;;;;;
;;;;;;;;;;;;;;;;;;;;;;;;;
;;;;;;;;;;;;;;;;;;;;;;;;;
;;;;;;;;;;;;;;;;;;;;;;;;;
;;;;;;;;;;;;;;;;;;;;;;;;;
;;;;;;;;;;;;;;;;;;;;;;;;;
;;;;;;;;;;;;;;;;;;;;;;;;;
;;;;;;;;;;;;;;;;;;;;;;;;;
;;;;;;;;;;;;;;;;;;;;;;;;;
;;;;;;;;;;;;;;;;;;;;;;;;;
;;;;;;;;;;;;;;;;;;;;;;;;;
;;;;;;;;;;;;;;;;;;;;;;;;;
;;;;;;;;;;;;;;;;;;;;;;;;;
;;;;;;;;;;;;;;;;;;;;;;;;;
;;;;;;;;;;;;;;;;;;;;;;;;;
;;;;;;;;;;;;;;;;;;;;;;;;;
;;;;;;;;;;;;;;;;;;;;;;;;;
;;;;;;;;;;;;;;;;;;;;;;;;;
;;;;;;;;;;;;;;;;;;;;;;;;;
;;;;;;;;;;;;;;;;;;;;;;;;;
;;;;;;;;;;;;;;;;;;;;;;;;;
;;;;;;;;;;;;;;;;;;;;;;;;;
;;;;;;;;;;;;;;;;;;;;;;;;;
;;;;;;;;;;;;;;;;;;;;;;;;;
;;;;;;;;;;;;;;;;;;;;;;;;;
;;;;;;;;;;;;;;;;;;;;;;;;;
;;;;;;;;;;;;;;;;;;;;;;;;;
;;;;;;;;;;;;;;;;;;;;;;;;;
;;;;;;;;;;;;;;;;;;;;;;;;;
;;;;;;;;;;;;;;;;;;;;;;;;;
;;;;;;;;;;;;;;;;;;;;;;;;;
;;;;;;;;;;;;;;;;;;;;;;;;;
;;;;;;;;;;;;;;;;;;;;;;;;;
;;;;;;;;;;;;;;;;;;;;;;;;;
;;;;;;;;;;;;;;;;;;;;;;;;;
;;;;;;;;;;;;;;;;;;;;;;;;;
;;;;;;;;;;;;;;;;;;;;;;;;;
;;;;;;;;;;;;;;;;;;;;;;;;;
;;;;;;;;;;;;;;;;;;;;;;;;;
;;;;;;;;;;;;;;;;;;;;;;;;;
;;;;;;;;;;;;;;;;;;;;;;;;;
;;;;;;;;;;;;;;;;;;;;;;;;;
;;;;;;;;;;;;;;;;;;;;;;;;;
;;;;;;;;;;;;;;;;;;;;;;;;;
;;;;;;;;;;;;;;;;;;;;;;;;;
;;;;;;;;;;;;;;;;;;;;;;;;;
;;;;;;;;;;;;;;;;;;;;;;;;;
;;;;;;;;;;;;;;;;;;;;;;;;;
;;;;;;;;;;;;;;;;;;;;;;;;;
;;;;;;;;;;;;;;;;;;;;;;;;;
;;;;;;;;;;;;;;;;;;;;;;;;;
;;;;;;;;;;;;;;;;;;;;;;;;;
;;;;;;;;;;;;;;;;;;;;;;;;;
;;;;;;;;;;;;;;;;;;;;;;;;;
;;;;;;;;;;;;;;;;;;;;;;;;;
;;;;;;;;;;;;;;;;;;;;;;;;;
;;;;;;;;;;;;;;;;;;;;;;;;;
;;;;;;;;;;;;;;;;;;;;;;;;;
;;;;;;;;;;;;;;;;;;;;;;;;;
;;;;;;;;;;;;;;;;;;;;;;;;;
;;;;;;;;;;;;;;;;;;;;;;;;;
;;;;;;;;;;;;;;;;;;;;;;;;;
;;;;;;;;;;;;;;;;;;;;;;;;;
;;;;;;;;;;;;;;;;;;;;;;;;;
;;;;;;;;;;;;;;;;;;;;;;;;;
;;;;;;;;;;;;;;;;;;;;;;;;;
;;;;;;;;;;;;;;;;;;;;;;;;;
;;;;;;;;;;;;;;;;;;;;;;;;;
;;;;;;;;;;;;;;;;;;;;;;;;;
;;;;;;;;;;;;;;;;;;;;;;;;;
;;;;;;;;;;;;;;;;;;;;;;;;;
;;;;;;;;;;;;;;;;;;;;;;;;;
;;;;;;;;;;;;;;;;;;;;;;;;;
;;;;;;;;;;;;;;;;;;;;;;;;;
;;;;;;;;;;;;;;;;;;;;;;;;;
;;;;;;;;;;;;;;;;;;;;;;;;;
;;;;;;;;;;;;;;;;;;;;;;;;;
;;;;;;;;;;;;;;;;;;;;;;;;;
;;;;;;;;;;;;;;;;;;;;;;;;;
;;;;;;;;;;;;;;;;;;;;;;;;;
;;;;;;;;;;;;;;;;;;;;;;;;;
;;;;;;;;;;;;;;;;;;;;;;;;;
;;;;;;;;;;;;;;;;;;;;;;;;;
;;;;;;;;;;;;;;;;;;;;;;;;;
;;;;;;;;;;;;;;;;;;;;;;;;;
;;;;;;;;;;;;;;;;;;;;;;;;;
;;;;;;;;;;;;;;;;;;;;;;;;;
;;;;;;;;;;;;;;;;;;;;;;;;;
;;;;;;;;;;;;;;;;;;;;;;;;;
;;;;;;;;;;;;;;;;;;;;;;;;;
;;;;;;;;;;;;;;;;;;;;;;;;;
;;;;;;;;;;;;;;;;;;;;;;;;;
;;;;;;;;;;;;;;;;;;;;;;;;;
;;;;;;;;;;;;;;;;;;;;;;;;;
;;;;;;;;;;;;;;;;;;;;;;;;;
;;;;;;;;;;;;;;;;;;;;;;;;;
;;;;;;;;;;;;;;;;;;;;;;;;;
;;;;;;;;;;;;;;;;;;;;;;;;;
;;;;;;;;;;;;;;;;;;;;;;;;;
;;;;;;;;;;;;;;;;;;;;;;;;;
;;;;;;;;;;;;;;;;;;;;;;;;;
;;;;;;;;;;;;;;;;;;;;;;;;;
;;;;;;;;;;;;;;;;;;;;;;;;;
;;;;;;;;;;;;;;;;;;;;;;;;;
;;;;;;;;;;;;;;;;;;;;;;;;;
;;;;;;;;;;;;;;;;;;;;;;;;;
;;;;;;;;;;;;;;;;;;;;;;;;;
;;;;;;;;;;;;;;;;;;;;;;;;;
;;;;;;;;;;;;;;;;;;;;;;;;;
;;;;;;;;;;;;;;;;;;;;;;;;;
;;;;;;;;;;;;;;;;;;;;;;;;;
;;;;;;;;;;;;;;;;;;;;;;;;;
;;;;;;;;;;;;;;;;;;;;;;;;;
;;;;;;;;;;;;;;;;;;;;;;;;;
;;;;;;;;;;;;;;;;;;;;;;;;;
;;;;;;;;;;;;;;;;;;;;;;;;;
;;;;;;;;;;;;;;;;;;;;;;;;;
;;;;;;;;;;;;;;;;;;;;;;;;;
;;;;;;;;;;;;;;;;;;;;;;;;;
;;;;;;;;;;;;;;;;;;;;;;;;;
;;;;;;;;;;;;;;;;;;;;;;;;;
;;;;;;;;;;;;;;;;;;;;;;;;;
;;;;;;;;;;;;;;;;;;;;;;;;;
;;;;;;;;;;;;;;;;;;;;;;;;;
;;;;;;;;;;;;;;;;;;;;;;;;;
;;;;;;;;;;;;;;;;;;;;;;;;;
